dataset,lf_index,coverage,accuracy,precision_positive,recall_positive,f1_positive,precision_negative,recall_negative,f1_negative,macro_precision,macro_recall,macro_f1,weighted_precision,weighted_recall,weighted_f1,conflict_rate,positive_bias,n_abstain,n_positive,n_negative,n_labeled,total_samples,true_negatives,false_positives,false_negatives,true_positives
census,0,0.14710398624163135,0.9974947807933194,0.0,0.0,0.0,0.9974947807933194,1.0,0.9987458193979933,0.4987473903966597,0.5,0.49937290969899667,0.9949958377099124,0.9974947807933194,0.9962437421886456,0.00043543169942771834,0.0,13886,0,2395,2395,16281,,,,
census,1,0.0402923653338247,0.9878048780487805,0.9878048780487805,1.0,0.9938650306748467,0.0,0.0,0.0,0.49390243902439024,0.5,0.49693251533742333,0.9757584770969662,0.9878048780487805,0.9817447254227144,0.7694896242288278,1.0,15625,656,0,656,16281,,,,
census,2,0.024199987715742277,0.949238578680203,0.0,0.0,0.0,0.949238578680203,1.0,0.9739583333333333,0.4746192893401015,0.5,0.48697916666666663,0.9010538792548121,0.949238578680203,0.9245188240270726,0.010825439783491205,0.0,15887,0,394,394,16281,,,,
census,3,0.21724709784411278,0.9875600791631326,0.0,0.0,0.0,0.9875600791631326,1.0,0.9937411095305831,0.4937800395815663,0.5,0.49687055476529157,0.9752749099566927,0.9875600791631326,0.9813790487956819,0.004989545713742634,0.0,12744,0,3537,3537,16281,,,,
census,4,0.2549597690559548,0.9812093471452662,0.0,0.0,0.0,0.9812093471452662,1.0,0.9905155642023347,0.4906046735726331,0.5,0.49525778210116733,0.9627717829252395,0.9812093471452662,0.9719031300881978,0.001799451167393945,0.0,12130,0,4151,4151,16281,,,,
census,5,0.02696394570358086,0.9544419134396356,0.0,0.0,0.0,0.9544419134396356,1.0,0.9766899766899767,0.4772209567198178,0.5,0.48834498834498835,0.9109593661303128,0.9544419134396356,0.9321938501892943,0.023832221163012392,0.0,15842,0,439,439,16281,,,,
census,6,0.017197960813217863,0.975,0.975,1.0,0.9873417721518987,0.0,0.0,0.0,0.4875,0.5,0.49367088607594933,0.950625,0.975,0.9626582278481012,0.6480061349693251,1.0,16001,280,0,280,16281,,,,
census,7,0.04950555862661998,0.8945409429280397,0.0,0.0,0.0,0.8945409429280397,1.0,0.9443352979698755,0.4472704714640198,0.5,0.47216764898493774,0.8002034985745864,0.8945409429280397,0.8447465878862037,0.029877772747849706,0.0,15475,0,806,806,16281,,,,
census,8,0.029850746268656716,0.9732510288065843,0.0,0.0,0.0,0.9732510288065843,1.0,0.986444212721585,0.48662551440329216,0.5,0.4932221063607925,0.9472175650730749,0.9732510288065843,0.9600578448915837,0.02654867256637168,0.0,15795,0,486,486,16281,,,,
census,9,0.010134512622074812,0.8848484848484849,0.0,0.0,0.0,0.8848484848484849,1.0,0.9389067524115756,0.44242424242424244,0.5,0.4694533762057878,0.7829568411386593,0.8848484848484849,0.8307902172853943,0.08494208494208494,0.0,16116,0,165,165,16281,,,,
census,10,0.10036238560284995,0.9424724602203183,0.0,0.0,0.0,0.9424724602203183,1.0,0.9703843730308759,0.47123623011015914,0.5,0.48519218651543794,0.8882543382737393,0.9424724602203183,0.9145605474097607,0.11925248722774939,0.0,14647,0,1634,1634,16281,,,,
census,11,0.1623364658190529,0.9886492622020431,0.0,0.0,0.0,0.9886492622020431,1.0,0.9942922374429224,0.49432463110102154,0.5,0.4971461187214612,0.9774273636526442,0.9886492622020431,0.983006286961164,0.008944543828264758,0.0,13638,0,2643,2643,16281,,,,
census,12,0.03046495915484307,0.8729838709677419,0.0,0.0,0.0,0.8729838709677419,1.0,0.9321851453175457,0.43649193548387094,0.5,0.46609257265877285,0.7621008389698231,0.8729838709677419,0.8137825966179381,0.08288409703504043,0.0,15785,0,496,496,16281,,,,
census,13,0.009397457158651189,0.9607843137254902,0.0,0.0,0.0,0.9607843137254902,1.0,0.98,0.4803921568627451,0.5,0.49,0.9231064975009613,0.9607843137254902,0.9415686274509804,0.00423728813559322,0.0,16128,0,153,153,16281,,,,
census,14,0.052576623057551744,0.9158878504672897,0.0,0.0,0.0,0.9158878504672897,1.0,0.9560975609756098,0.45794392523364486,0.5,0.4780487804878049,0.8388505546335924,0.9158878504672897,0.8756781399589697,0.01802096985583224,0.0,15425,0,856,856,16281,,,,
census,15,0.009336035870032552,0.868421052631579,0.0,0.0,0.0,0.868421052631579,1.0,0.9295774647887324,0.4342105263157895,0.5,0.4647887323943662,0.7541551246537397,0.868421052631579,0.8072646404744255,0.079002079002079,0.0,16129,0,152,152,16281,,,,
census,16,0.18702782384374425,0.9392446633825944,0.0,0.0,0.0,0.9392446633825944,1.0,0.968670618120237,0.4696223316912972,0.5,0.4843353090601185,0.882180537692683,0.9392446633825944,0.9098187086449517,0.030192435301924354,0.0,13236,0,3045,3045,16281,,,,
census,17,0.19832934094957314,0.9891607308764323,0.0,0.0,0.0,0.9891607308764323,1.0,0.9945508329441071,0.49458036543821615,0.5,0.49727541647205353,0.9784389515079978,0.9891607308764323,0.9837706288087574,0.005186256420485713,0.0,13052,0,3229,3229,16281,,,,
census,18,0.017812173699404212,0.9655172413793104,0.0,0.0,0.0,0.9655172413793104,1.0,0.9824561403508771,0.4827586206896552,0.5,0.49122807017543857,0.9322235434007136,0.9655172413793104,0.9485783424077434,0.017982799061767005,0.0,15991,0,290,290,16281,,,,
census,19,0.04588170259812051,0.9732262382864793,0.0,0.0,0.0,0.9732262382864793,1.0,0.9864314789687924,0.4866131191432396,0.5,0.4932157394843962,0.9471693108892508,0.9732262382864793,0.9600209976041661,0.09745055992375506,0.0,15534,0,747,747,16281,,,,
census,20,0.0812603648424544,0.9644746787603931,0.0,0.0,0.0,0.9644746787603931,1.0,0.9819161215852251,0.48223733938019653,0.5,0.49095806079261256,0.9302114059699633,0.9644746787603931,0.947033235935561,0.017675050985723997,0.0,14958,0,1323,1323,16281,,,,
census,21,0.0369756157484184,0.9667774086378738,0.0,0.0,0.0,0.9667774086378738,1.0,0.9831081081081081,0.4833887043189369,0.5,0.49155405405405406,0.9346585578525622,0.9667774086378738,0.9504467091676395,0.08971802905155227,0.0,15679,0,602,602,16281,,,,
census,22,0.036422824150850686,0.924114671163575,0.0,0.0,0.0,0.924114671163575,1.0,0.9605609114811569,0.4620573355817875,0.5,0.4802804557405784,0.8539879254597624,0.924114671163575,0.8876684308459932,0.015925680159256803,0.0,15688,0,593,593,16281,,,,
census,23,0.023585774829555924,0.8828125,0.0,0.0,0.0,0.8828125,1.0,0.9377593360995851,0.44140625,0.5,0.46887966804979253,0.77935791015625,0.8828125,0.8278656639004148,0.022900763358778626,0.0,15897,0,384,384,16281,,,,
census,24,0.02505988575640317,0.9436274509803921,0.0,0.0,0.0,0.9436274509803921,1.0,0.9709962168978562,0.47181372549019607,0.5,0.4854981084489281,0.8904327662437524,0.9436274509803921,0.9162586850629281,0.026232948583420776,0.0,15873,0,408,408,16281,,,,
census,25,0.23868312757201646,0.9621718991250643,0.0,0.0,0.0,0.9621718991250643,1.0,0.9807213114754099,0.48108594956253214,0.5,0.49036065573770493,0.9257747634659329,0.9621718991250643,0.9436224867747188,0.017906986730794005,0.0,12395,0,3886,3886,16281,,,,
census,26,0.014925373134328358,0.9382716049382716,0.0,0.0,0.0,0.9382716049382716,1.0,0.9681528662420382,0.4691358024691358,0.5,0.4840764331210191,0.88035360463344,0.9382716049382716,0.908390343634505,0.019315188762071993,0.0,16038,0,243,243,16281,,,,
census,27,0.00835329525213439,0.9558823529411765,0.0,0.0,0.0,0.9558823529411765,1.0,0.9774436090225563,0.47794117647058826,0.5,0.48872180451127817,0.9137110726643599,0.9558823529411765,0.9343210968597965,0.004054054054054054,0.0,16145,0,136,136,16281,,,,
census,28,0.004913703089490818,0.875,0.0,0.0,0.0,0.875,1.0,0.9333333333333333,0.4375,0.5,0.4666666666666667,0.765625,0.875,0.8166666666666667,0.0425531914893617,0.0,16201,0,80,80,16281,,,,
census,29,0.004668017935016276,0.9342105263157895,0.0,0.0,0.0,0.9342105263157895,1.0,0.9659863945578232,0.46710526315789475,0.5,0.4829931972789116,0.8727493074792244,0.9342105263157895,0.9024346580737559,0.00980392156862745,0.0,16205,0,76,76,16281,,,,
census,30,0.0074319759228548615,0.9504132231404959,0.0,0.0,0.0,0.9504132231404959,1.0,0.9745762711864406,0.47520661157024796,0.5,0.4872881355932203,0.903285294720306,0.9504132231404959,0.9262501750945511,0.005319148936170213,0.0,16160,0,121,121,16281,,,,
census,31,0.07290706959032,0.8652064026958719,0.0,0.0,0.0,0.8652064026958719,1.0,0.9277326106594399,0.43260320134793595,0.5,0.46386630532971995,0.7485821192659313,0.8652064026958719,0.8026801947323039,0.04416243654822335,0.0,15094,0,1187,1187,16281,,,,
census,32,0.019040599471776918,0.7419354838709677,0.7419354838709677,1.0,0.8518518518518519,0.0,0.0,0.0,0.3709677419354839,0.5,0.42592592592592593,0.5504682622268471,0.7419354838709677,0.6320191158900836,0.612094395280236,1.0,15971,310,0,310,16281,,,,
census,33,0.014556845402616547,0.7721518987341772,0.0,0.0,0.0,0.7721518987341772,1.0,0.8714285714285713,0.3860759493670886,0.5,0.43571428571428567,0.596218554718795,0.7721518987341772,0.672875226039783,0.1224764468371467,0.0,16044,0,237,237,16281,,,,
census,34,0.001658374792703151,0.4074074074074074,0.4074074074074074,1.0,0.5789473684210525,0.0,0.0,0.0,0.2037037037037037,0.5,0.28947368421052627,0.16598079561042522,0.4074074074074074,0.23586744639376214,0.7628865979381443,1.0,16254,27,0,27,16281,,,,
census,35,0.012529942878201585,0.7107843137254902,0.7107843137254902,1.0,0.830945558739255,0.0,0.0,0.0,0.3553921568627451,0.5,0.4154727793696275,0.505214340638216,0.7107843137254902,0.5906230687117254,0.45722713864306785,1.0,16077,204,0,204,16281,,,,
census,36,0.003746698605736748,0.39344262295081966,0.39344262295081966,1.0,0.5647058823529412,0.0,0.0,0.0,0.19672131147540983,0.5,0.2823529411764706,0.15479709755442086,0.39344262295081966,0.22217936354869816,0.8406593406593407,1.0,16220,61,0,61,16281,,,,
census,37,0.018917756894539648,0.9545454545454546,0.0,0.0,0.0,0.9545454545454546,1.0,0.9767441860465117,0.4772727272727273,0.5,0.48837209302325585,0.9111570247933884,0.9545454545454546,0.9323467230443975,0.02406015037593985,0.0,15973,0,308,308,16281,,,,
census,38,0.004299490203304466,0.8857142857142857,0.0,0.0,0.0,0.8857142857142857,1.0,0.9393939393939393,0.44285714285714284,0.5,0.46969696969696967,0.7844897959183673,0.8857142857142857,0.832034632034632,0.07456140350877193,0.0,16211,0,70,70,16281,,,,
census,39,0.013082734475769301,0.7417840375586855,0.7417840375586855,1.0,0.8517520215633424,0.0,0.0,0.0,0.37089201877934275,0.5,0.4258760107816712,0.5502435583768652,0.7417840375586855,0.6318160535540286,0.4897959183673469,1.0,16068,213,0,213,16281,,,,
census,40,0.0015969535040845158,0.9230769230769231,0.0,0.0,0.0,0.9230769230769231,1.0,0.9600000000000001,0.46153846153846156,0.5,0.48000000000000004,0.8520710059171598,0.9230769230769231,0.8861538461538463,0.10869565217391304,0.0,16255,0,26,26,16281,,,,
census,41,0.001658374792703151,0.8148148148148148,0.0,0.0,0.0,0.8148148148148148,1.0,0.8979591836734693,0.4074074074074074,0.5,0.44897959183673464,0.6639231824417009,0.8148148148148148,0.7316704459561602,0.08333333333333333,0.0,16254,0,27,27,16281,,,,
census,42,0.0031324857195503962,0.8823529411764706,0.8823529411764706,1.0,0.9375,0.0,0.0,0.0,0.4411764705882353,0.5,0.46875,0.7785467128027681,0.8823529411764706,0.8272058823529411,0.11594202898550725,1.0,16230,51,0,51,16281,,,,
census,43,0.034395921626435726,0.9196428571428571,0.0,0.0,0.0,0.9196428571428571,1.0,0.9581395348837208,0.45982142857142855,0.5,0.4790697674418604,0.8457429846938774,0.9196428571428571,0.8811461794019932,0.03223932616903863,0.0,15721,0,560,560,16281,,,,
census,44,0.03672993059394386,0.782608695652174,0.0,0.0,0.0,0.782608695652174,1.0,0.878048780487805,0.391304347826087,0.5,0.4390243902439025,0.612476370510397,0.782608695652174,0.687168610816543,0.04364640883977901,0.0,15683,0,598,598,16281,,,,
census,45,0.05048829924451815,0.8661800486618005,0.0,0.0,0.0,0.8661800486618005,1.0,0.9282920469361148,0.43309002433090027,0.5,0.4641460234680574,0.7502678766997591,0.8661800486618005,0.8040680503874863,0.02664576802507837,0.0,15459,0,822,822,16281,,,,
census,46,0.01400405380504883,0.7017543859649122,0.0,0.0,0.0,0.7017543859649122,1.0,0.8247422680412371,0.3508771929824561,0.5,0.41237113402061853,0.49245921822099104,0.7017543859649122,0.5787665038885874,0.30912596401028275,0.0,16053,0,228,228,16281,,,,
census,47,0.029482218536944906,0.7229166666666667,0.0,0.0,0.0,0.7229166666666667,1.0,0.8391777509068924,0.3614583333333333,0.5,0.4195888754534462,0.5226085069444444,0.7229166666666667,0.606655582426441,0.132334581772784,0.0,15801,0,480,480,16281,,,,
census,48,0.009765984890363,0.8805031446540881,0.0,0.0,0.0,0.8805031446540881,1.0,0.9364548494983278,0.44025157232704404,0.5,0.4682274247491639,0.7752857877457379,0.8805031446540881,0.8245514398098484,0.05232558139534884,0.0,16122,0,159,159,16281,,,,
census,49,0.03402739389472391,0.5036101083032491,0.0,0.0,0.0,0.5036101083032491,1.0,0.6698679471788715,0.2518050541516246,0.5,0.3349339735894358,0.25362314118521034,0.5036101083032491,0.33735226942762664,0.40805471124620063,0.0,15727,0,554,554,16281,,,,
census,50,0.04668017935016277,0.4881578947368421,0.4881578947368421,1.0,0.6560565870910698,0.0,0.0,0.0,0.24407894736842106,0.5,0.3280282935455349,0.23829813019390583,0.4881578947368421,0.32025920238261435,0.8242117787031529,1.0,15521,760,0,760,16281,,,,
census,51,0.031017750752410787,0.9346534653465347,0.0,0.0,0.0,0.9346534653465347,1.0,0.9662231320368476,0.46732673267326735,0.5,0.4831115660184238,0.8735771002842859,0.9346534653465347,0.9030837986562219,0.015677491601343786,0.0,15776,0,505,505,16281,,,,
census,52,0.03224617652478349,0.9714285714285714,0.0,0.0,0.0,0.9714285714285714,1.0,0.9855072463768115,0.4857142857142857,0.5,0.49275362318840576,0.9436734693877551,0.9714285714285714,0.9573498964803312,0.028392330383480827,0.0,15756,0,525,525,16281,,,,
census,53,0.09587863153368957,0.8853299167200512,0.0,0.0,0.0,0.8853299167200512,1.0,0.9391777098199117,0.4426649583600256,0.5,0.46958885490995583,0.7838090614395329,0.8853299167200512,0.8314821236201908,0.0460973619798749,0.0,14720,0,1561,1561,16281,,,,
census,54,0.011731466126159327,0.8324607329842932,0.0,0.0,0.0,0.8324607329842932,1.0,0.9085714285714286,0.4162303664921466,0.5,0.4542857142857143,0.6929908719607467,0.8324607329842932,0.7563500373971578,0.0202991452991453,0.0,16090,0,191,191,16281,,,,
census,55,0.07333701861065045,0.958961474036851,0.0,0.0,0.0,0.958961474036851,1.0,0.9790508764429243,0.4794807370184255,0.5,0.48952543822146216,0.91960710868693,0.958961474036851,0.9388720716307776,0.01933097999663809,0.0,15087,0,1194,1194,16281,,,,
census,56,0.006449235304956698,0.6476190476190476,0.6476190476190476,1.0,0.7861271676300579,0.0,0.0,0.0,0.3238095238095238,0.5,0.3930635838150289,0.41941043083900226,0.6476190476190476,0.5091109276080374,0.6872146118721462,1.0,16176,105,0,105,16281,,,,
census,57,0.010625882931023893,0.13872832369942195,0.13872832369942195,1.0,0.24365482233502536,0.0,0.0,0.0,0.06936416184971098,0.5,0.12182741116751268,0.0192455477964516,0.13872832369942195,0.03380182506381855,0.925700365408039,1.0,16108,173,0,173,16281,,,,
census,58,0.014618266691235181,0.7815126050420168,0.0,0.0,0.0,0.7815126050420168,1.0,0.8773584905660378,0.3907563025210084,0.5,0.4386792452830189,0.6107619518395593,0.7815126050420168,0.685666719517996,0.03967168262653899,0.0,16043,0,238,238,16281,,,,
census,59,0.018180701431116025,0.6824324324324325,0.0,0.0,0.0,0.6824324324324325,1.0,0.8112449799196787,0.34121621621621623,0.5,0.40562248995983935,0.46571402483564645,0.6824324324324325,0.5536198849451861,0.3273495248152059,0.0,15985,0,296,296,16281,,,,
census,60,0.021497451016522326,0.86,0.0,0.0,0.0,0.86,1.0,0.924731182795699,0.43,0.5,0.4623655913978495,0.7396,0.86,0.7952688172043012,0.0524759793052476,0.0,15931,0,350,350,16281,,,,
census,61,0.054664946870585346,0.12359550561797752,0.12359550561797752,1.0,0.21999999999999997,0.0,0.0,0.0,0.06179775280898876,0.5,0.10999999999999999,0.015275849008963515,0.12359550561797752,0.02719101123595505,0.962420558165239,1.0,15391,890,0,890,16281,,,,
census,62,0.022418770345801853,0.8575342465753425,0.0,0.0,0.0,0.8575342465753425,1.0,0.9233038348082595,0.42876712328767125,0.5,0.46165191740412975,0.7353649840495403,0.8575342465753425,0.7917646583424253,0.03371647509578544,0.0,15916,0,365,365,16281,,,,
census,63,0.13451262207481113,0.9050228310502283,0.0,0.0,0.0,0.9050228310502283,1.0,0.9501438159156279,0.45251141552511415,0.5,0.47507190795781395,0.8190663247221701,0.9050228310502283,0.8599018461848286,0.13520242476726566,0.0,14091,0,2190,2190,16281,,,,
census,64,0.010318776487930717,0.42857142857142855,0.42857142857142855,1.0,0.6,0.0,0.0,0.0,0.21428571428571427,0.5,0.3,0.18367346938775508,0.42857142857142855,0.2571428571428571,0.8968253968253969,1.0,16113,168,0,168,16281,,,,
census,65,0.029850746268656716,0.691358024691358,0.0,0.0,0.0,0.691358024691358,1.0,0.8175182481751825,0.345679012345679,0.5,0.40875912408759124,0.47797591830513636,0.691358024691358,0.5651978012075335,0.18541409147095178,0.0,15795,0,486,486,16281,,,,
census,66,0.005282230821202629,0.5348837209302325,0.0,0.0,0.0,0.5348837209302325,1.0,0.6969696969696969,0.26744186046511625,0.5,0.34848484848484845,0.28610059491617085,0.5348837209302325,0.37279774489076806,0.11418685121107267,0.0,16195,0,86,86,16281,,,,
census,67,0.01990049751243781,0.5709876543209876,0.0,0.0,0.0,0.5709876543209876,1.0,0.7269155206286836,0.2854938271604938,0.5,0.3634577603143418,0.32602690138698365,0.5709876543209876,0.4150597880132916,0.11702127659574468,0.0,15957,0,324,324,16281,,,,
census,68,0.003009643142313126,0.7346938775510204,0.7346938775510204,1.0,0.8470588235294119,0.0,0.0,0.0,0.3673469387755102,0.5,0.42352941176470593,0.5397750937109538,0.7346938775510204,0.6223289315726291,0.8953488372093024,1.0,16232,49,0,49,16281,,,,
census,69,0.0015969535040845158,0.4230769230769231,0.4230769230769231,1.0,0.5945945945945945,0.0,0.0,0.0,0.21153846153846154,0.5,0.29729729729729726,0.1789940828402367,0.4230769230769231,0.2515592515592515,0.9016393442622951,1.0,16255,26,0,26,16281,,,,
census,70,0.0036852773171181133,0.7333333333333333,0.7333333333333333,1.0,0.846153846153846,0.0,0.0,0.0,0.36666666666666664,0.5,0.423076923076923,0.5377777777777778,0.7333333333333333,0.6205128205128204,0.6507177033492823,1.0,16221,60,0,60,16281,,,,
census,71,0.027086788280818133,0.3356009070294785,0.3356009070294785,1.0,0.5025466893039049,0.0,0.0,0.0,0.16780045351473924,0.5,0.25127334465195245,0.11262796879900866,0.3356009070294785,0.168655124755052,0.816044776119403,1.0,15840,441,0,441,16281,,,,
census,72,0.04637307290706959,0.47019867549668876,0.0,0.0,0.0,0.47019867549668876,1.0,0.6396396396396397,0.23509933774834438,0.5,0.31981981981981983,0.2210867944388404,0.47019867549668876,0.30075771135373786,0.11522048364153627,0.0,15526,0,755,755,16281,,,,
census,73,0.019961918801056446,0.5415384615384615,0.0,0.0,0.0,0.5415384615384615,1.0,0.7025948103792415,0.27076923076923076,0.5,0.35129740518962077,0.2932639053254438,0.5415384615384615,0.38048211269768156,0.07525083612040134,0.0,15956,0,325,325,16281,,,,
census,74,0.03544008353295252,0.32062391681109187,0.32062391681109187,1.0,0.4855643044619423,0.0,0.0,0.0,0.16031195840554593,0.5,0.24278215223097116,0.10279969603128596,0.32062391681109187,0.15568352916024147,0.8395534290271133,1.0,15704,577,0,577,16281,,,,
census,75,0.04145936981757877,0.7333333333333333,0.7333333333333333,1.0,0.846153846153846,0.0,0.0,0.0,0.36666666666666664,0.5,0.423076923076923,0.5377777777777778,0.7333333333333333,0.6205128205128204,0.8310588235294117,1.0,15606,675,0,675,16281,,,,
census,76,0.07554818500092132,0.667479674796748,0.0,0.0,0.0,0.667479674796748,1.0,0.8005850804485617,0.333739837398374,0.5,0.40029254022428085,0.44552911626677244,0.667479674796748,0.5343742691449342,0.2602280348759222,0.0,15051,0,1230,1230,16281,,,,
census,77,0.12407100300964315,0.5346534653465347,0.0,0.0,0.0,0.5346534653465347,1.0,0.6967741935483871,0.26732673267326734,0.5,0.34838709677419355,0.2858543280070582,0.5346534653465347,0.3725327371446822,0.21588743954272313,0.0,14261,0,2020,2020,16281,,,,
census,78,0.14728825010748725,0.6909924937447873,0.0,0.0,0.0,0.6909924937447873,1.0,0.8172626387176326,0.34549624687239366,0.5,0.4086313193588163,0.47747062641163995,0.6909924937447873,0.564722348771942,0.18504559270516718,0.0,13883,0,2398,2398,16281,,,,
census,79,0.0029482218536944905,0.3541666666666667,0.0,0.0,0.0,0.3541666666666667,1.0,0.5230769230769231,0.17708333333333334,0.5,0.26153846153846155,0.1254340277777778,0.3541666666666667,0.18525641025641026,0.696969696969697,0.0,16233,0,48,48,16281,,,,
census,80,0.034395921626435726,0.7017857142857142,0.7017857142857142,1.0,0.8247639034627492,0.0,0.0,0.0,0.3508928571428571,0.5,0.4123819517313746,0.4925031887755102,0.7017857142857142,0.5788075251086793,0.6759868421052632,1.0,15721,560,0,560,16281,,,,
census,81,0.6885326454149008,0.7837644959857271,0.0,0.0,0.0,0.7837644959857271,1.0,0.8787757551510302,0.39188224799286353,0.5,0.4393878775755151,0.6142867851677607,0.7837644959857271,0.6887532368204239,0.10393612235717499,0.0,5071,0,11210,11210,16281,,,,
census,82,0.08113752226521713,0.732778198334595,0.0,0.0,0.0,0.732778198334595,1.0,0.8457841852337264,0.3663890991672975,0.5,0.4228920926168632,0.536963887954495,0.732778198334595,0.6197722114354633,0.12396694214876033,0.0,14960,0,1321,1321,16281,,,,
imdb,0,0.00152,0.5,0.5,1.0,0.6666666666666666,0.0,0.0,0.0,0.25,0.5,0.3333333333333333,0.25,0.5,0.3333333333333333,0.4782608695652174,1.0,24962,38,0,38,25000,,,,
imdb,1,0.82896,0.7492762015055009,0.733,0.7811470645223794,0.7563080386455304,0.7676881941587824,0.7176504518361854,0.7418264930935109,0.7503440970793912,0.7493987581792824,0.7490672658695207,0.7504110497799485,0.7492762015055009,0.7490393146138711,0.36329885971890746,0.5307855626326964,4276,11000,9724,20724,25000,7465.0,2937.0,2259.0,8063.0
imdb,2,0.09784,0.6672117743254292,0.6648738105088954,0.9975170701427685,0.797914597815293,0.8620689655172413,0.029940119760479042,0.05787037037037037,0.7634713880130684,0.5137285949516237,0.42789248409283165,0.7321910445366832,0.6672117743254292,0.545282982967987,0.3711018711018711,0.9881439084219134,22554,2417,29,2446,25000,25.0,810.0,4.0,1607.0
imdb,3,0.2432,0.675,0.5915783274440518,0.7732871439568899,0.670337003670337,0.7805514157973175,0.6016657093624354,0.6795329224781057,0.6860648716206846,0.6874764266596627,0.6749349630742214,0.699802717846366,0.675,0.6756034821717598,0.3706387999325805,0.5585526315789474,18920,3396,2684,6080,25000,2095.0,1387.0,589.0,2009.0
imdb,4,0.0096,0.9625,0.9577464788732394,1.0,0.9784172661870503,1.0,0.75,0.8571428571428571,0.9788732394366197,0.875,0.9177800616649536,0.9640845070422535,0.9625,0.9602261048304214,0.014035087719298246,0.8875,24760,213,27,240,25000,27.0,9.0,0.0,204.0
yelp,0,0.07581578947368421,0.9496702533842416,0.9471022948269155,0.9963175122749591,0.971086739780658,0.9709677419354839,0.6887871853546911,0.8058902275769746,0.9590350183811998,0.8425523488148251,0.8884884836788163,0.9507222880190171,0.9496702533842416,0.946029163996899,0.014132278123233465,0.8923984727525165,35119,2571,310,2881,38000,301.0,136.0,9.0,2435.0
yelp,1,0.06905263157894737,0.6516768292682927,0.6516768292682927,1.0,0.7891093677895709,0.0,0.0,0.0,0.32583841463414637,0.5,0.39455468389478543,0.42468268980517554,0.6516768292682927,0.5142442907470145,0.24061552809512707,1.0,35376,2624,0,2624,38000,,,,
yelp,2,0.698921052631579,0.7193794947098912,0.6849709522606718,0.9176367081754196,0.7844146828266466,0.8200768775872265,0.470762963591615,0.5981560360166064,0.7525239149239491,0.6941998358835173,0.6912853594216265,0.7449112029524445,0.7193794947098912,0.7017803353224973,0.27147031883805123,0.7453217365111638,11441,19795,6764,26559,38000,5547.0,6236.0,1217.0,13559.0
yelp,3,0.1353421052631579,0.7377017305074859,0.6868189806678383,0.8101160862354893,0.7433897660262507,0.8006962576153177,0.6737458806298059,0.7317558162656591,0.743757619141578,0.7419309834326475,0.7375727911459549,0.7472892982535988,0.7377017305074859,0.7372119871430743,0.3574144486692015,0.5531790783589344,32857,2845,2298,5143,38000,1840.0,891.0,458.0,1954.0
yelp,4,0.21594736842105264,0.7131367292225201,0.6647117962466488,0.9182870370370371,0.7711897356143079,0.8422698838248436,0.48507462686567165,0.6156107119529719,0.7534908400357462,0.7016808319513543,0.6934002237836399,0.7487954823700785,0.7131367292225201,0.6975143656474602,0.27794638340920585,0.7272727272727273,29794,5968,2238,8206,38000,1885.0,2001.0,353.0,3967.0
yelp,5,0.0865,0.6297535746881655,0.5740950226244343,0.6862745098039216,0.6251924853711117,0.6945358788676761,0.5835176991150443,0.634204989480012,0.6343154507460552,0.634896104459483,0.6296987374255618,0.6403429897944317,0.6297535746881655,0.6301497739104764,0.4252760252365931,0.5378764831153027,34713,1768,1519,3287,38000,1055.0,753.0,464.0,1015.0
yelp,6,0.09473684210526316,0.7058333333333333,0.6452586206896552,0.8638199653779572,0.7387120651369357,0.815625,0.5591858596679165,0.663489037178265,0.7304418103448276,0.7115029125229368,0.7011005511576003,0.7336125179597702,0.7058333333333333,0.6997005670261474,0.33154152939136466,0.6444444444444445,34400,2320,1280,3600,38000,1044.0,823.0,236.0,1497.0
yelp,7,0.09568421052631579,0.7890539053905391,0.7783665835411472,0.9780650215432825,0.8668633917722617,0.8691588785046729,0.34349030470914127,0.4923891462607544,0.8237627310229101,0.6607776631262119,0.679626269016508,0.8054095030806132,0.7890539053905391,0.7553244457081906,0.21775933609958506,0.8822882288228823,34364,3208,428,3636,38000,372.0,711.0,56.0,2497.0
youtube,0,0.1981020166073547,0.8532934131736527,0.8532934131736527,1.0,0.9208400646203554,0.0,0.0,0.0,0.42664670658682635,0.5,0.4604200323101777,0.728109648965542,0.8532934131736527,0.78574676172695,0.3858615611192931,1.0,1352,334,0,334,1686,,,,
youtube,1,0.1298932384341637,0.9863013698630136,0.9863013698630136,1.0,0.993103448275862,0.0,0.0,0.0,0.4931506849315068,0.5,0.496551724137931,0.9727903921936574,0.9863013698630136,0.9794992914501653,0.3671875,1.0,1467,219,0,219,1686,,,,
youtube,2,0.09134045077105575,0.9415584415584416,0.9415584415584416,1.0,0.9698996655518395,0.0,0.0,0.0,0.4707792207792208,0.5,0.48494983277591974,0.8865322988699612,0.9415584415584416,0.9132172175650437,0.6698113207547169,1.0,1532,154,0,154,1686,,,,
youtube,3,0.1055753262158956,0.9831460674157303,0.9831460674157303,1.0,0.9915014164305949,0.0,0.0,0.0,0.49157303370786515,0.5,0.49575070821529743,0.9665761898750158,0.9831460674157303,0.9747907184008657,0.2740740740740741,1.0,1508,178,0,178,1686,,,,
youtube,4,0.1619217081850534,0.7252747252747253,0.0,0.0,0.0,0.7252747252747253,1.0,0.840764331210191,0.3626373626373626,0.5,0.4203821656050955,0.5260234271223282,0.7252747252747253,0.6097851193392594,0.3857493857493858,0.0,1413,0,273,273,1686,,,,
youtube,5,0.2508896797153025,1.0,1.0,1.0,1.0,0.0,0.0,0.0,0.0,0.0,0.0,0.0,0.0,0.0,0.43621399176954734,1.0,1263,423,0,423,1686,,,,
youtube,6,0.2508896797153025,0.75177304964539,0.0,0.0,0.0,0.75177304964539,1.0,0.8582995951417004,0.375886524822695,0.5,0.4291497975708502,0.5651627181731301,0.75177304964539,0.6452465041490797,0.3009950248756219,0.0,1263,0,423,423,1686,,,,
youtube,7,0.12336892052194544,0.6730769230769231,0.0,0.0,0.0,0.6730769230769231,1.0,0.8045977011494253,0.33653846153846156,0.5,0.40229885057471265,0.4530325443786983,0.6730769230769231,0.541556145004421,0.3629032258064516,0.0,1478,0,208,208,1686,,,,
youtube,8,0.04804270462633452,0.8148148148148148,0.0,0.0,0.0,0.8148148148148148,1.0,0.8979591836734693,0.4074074074074074,0.5,0.44897959183673464,0.6639231824417009,0.8148148148148148,0.7316704459561602,0.15217391304347827,0.0,1605,0,81,81,1686,,,,
youtube,9,0.38018979833926453,0.5647425897035881,0.0,0.0,0.0,0.5647425897035881,1.0,0.7218344965104686,0.2823712948517941,0.5,0.3609172482552343,0.3189341926251153,0.5647425897035881,0.40765068289670775,0.5668639053254438,0.0,1045,0,641,641,1686,,,,
sms,0,0.014438853642528986,0.803030303030303,0.0,0.0,0.0,0.803030303030303,1.0,0.8907563025210083,0.4015151515151515,0.5,0.4453781512605042,0.6448576675849402,0.803030303030303,0.7153043035395976,0.19444444444444445,0.0,4505,0,66,66,4571,,,,
sms,1,0.007875738350470356,0.8333333333333334,0.8333333333333334,1.0,0.9090909090909091,0.0,0.0,0.0,0.4166666666666667,0.5,0.45454545454545453,0.6944444444444444,0.8333333333333334,0.7575757575757576,0.13157894736842105,1.0,4535,36,0,36,4571,,,,
sms,2,0.0002187705097352877,1.0,0.0,0.0,0.0,1.0,1.0,1.0,0.0,0.0,0.0,0.0,0.0,0.0,0.0,0.0,4570,0,1,1,4571,,,,
sms,3,0.002187705097352877,0.9,0.9,1.0,0.9473684210526316,0.0,0.0,0.0,0.45,0.5,0.4736842105263158,0.8099999999999999,0.9,0.8526315789473685,0.0,1.0,4561,10,0,10,4571,,,,
sms,4,0.0006563115292058631,1.0,1.0,1.0,1.0,0.0,0.0,0.0,0.0,0.0,0.0,0.0,0.0,0.0,0.0,1.0,4568,3,0,3,4571,,,,
sms,5,0.0010938525486764385,1.0,1.0,1.0,1.0,0.0,0.0,0.0,0.0,0.0,0.0,0.0,0.0,0.0,0.0,1.0,4566,5,0,5,4571,,,,
sms,6,0.0024064756070881644,0.9090909090909091,0.9090909090909091,1.0,0.9523809523809523,0.0,0.0,0.0,0.45454545454545453,0.5,0.47619047619047616,0.8264462809917354,0.9090909090909091,0.8658008658008658,0.0,1.0,4560,11,0,11,4571,,,,
sms,7,0.0002187705097352877,1.0,0.0,0.0,0.0,1.0,1.0,1.0,0.0,0.0,0.0,0.0,0.0,0.0,0.0,0.0,4570,0,1,1,4571,,,,
sms,8,0.0004375410194705754,1.0,1.0,1.0,1.0,0.0,0.0,0.0,0.0,0.0,0.0,0.0,0.0,0.0,0.0,1.0,4569,2,0,2,4571,,,,
sms,9,0.0006563115292058631,1.0,1.0,1.0,1.0,0.0,0.0,0.0,0.0,0.0,0.0,0.0,0.0,0.0,0.0,1.0,4568,3,0,3,4571,,,,
sms,10,0.0002187705097352877,1.0,0.0,0.0,0.0,1.0,1.0,1.0,0.0,0.0,0.0,0.0,0.0,0.0,0.0,0.0,4570,0,1,1,4571,,,,
sms,11,0.2920586304966091,0.9670411985018726,0.0,0.0,0.0,0.9670411985018726,1.0,0.9832444782939832,0.4835205992509363,0.5,0.4916222391469916,0.9351686795999382,0.9670411985018726,0.9508379187097621,0.025252525252525252,0.0,3236,0,1335,1335,4571,,,,
sms,12,0.0002187705097352877,1.0,0.0,0.0,0.0,1.0,1.0,1.0,0.0,0.0,0.0,0.0,0.0,0.0,0.0,0.0,4570,0,1,1,4571,,,,
sms,13,0.004156639684970466,1.0,0.0,0.0,0.0,1.0,1.0,1.0,0.0,0.0,0.0,0.0,0.0,0.0,0.0,0.0,4552,0,19,19,4571,,,,
sms,14,0.014001312623058412,0.859375,0.0,0.0,0.0,0.859375,1.0,0.9243697478991597,0.4296875,0.5,0.46218487394957986,0.738525390625,0.859375,0.7943802521008404,0.010869565217391304,0.0,4507,0,64,64,4571,,,,
sms,15,0.007656967840735069,1.0,0.0,0.0,0.0,1.0,1.0,1.0,0.0,0.0,0.0,0.0,0.0,0.0,0.0,0.0,4536,0,35,35,4571,,,,
sms,16,0.0006563115292058631,1.0,0.0,0.0,0.0,1.0,1.0,1.0,0.0,0.0,0.0,0.0,0.0,0.0,0.0,0.0,4568,0,3,3,4571,,,,
sms,17,0.007219426821264493,0.9090909090909091,0.9090909090909091,1.0,0.9523809523809523,0.0,0.0,0.0,0.45454545454545453,0.5,0.47619047619047616,0.8264462809917356,0.9090909090909091,0.8658008658008658,0.04838709677419355,1.0,4538,33,0,33,4571,,,,
sms,18,0.0006563115292058631,1.0,1.0,1.0,1.0,0.0,0.0,0.0,0.0,0.0,0.0,0.0,0.0,0.0,0.0,1.0,4568,3,0,3,4571,,,,
sms,19,0.0028440166265587398,1.0,0.0,0.0,0.0,1.0,1.0,1.0,0.0,0.0,0.0,0.0,0.0,0.0,0.0,0.0,4558,0,13,13,4571,,,,
sms,20,0.0037190986654998905,0.8235294117647058,0.0,0.0,0.0,0.8235294117647058,1.0,0.9032258064516129,0.4117647058823529,0.5,0.45161290322580644,0.6782006920415224,0.8235294117647058,0.7438330170777988,0.25,0.0,4554,0,17,17,4571,,,,
sms,21,0.0010938525486764385,1.0,1.0,1.0,1.0,0.0,0.0,0.0,0.0,0.0,0.0,0.0,0.0,0.0,0.0,1.0,4566,5,0,5,4571,,,,
sms,22,0.019908116385911178,0.8791208791208791,0.0,0.0,0.0,0.8791208791208791,1.0,0.935672514619883,0.43956043956043955,0.5,0.4678362573099415,0.7728535201062674,0.8791208791208791,0.8225692436218751,0.0,0.0,4480,0,91,91,4571,,,,
sms,23,0.0010938525486764385,1.0,1.0,1.0,1.0,0.0,0.0,0.0,0.0,0.0,0.0,0.0,0.0,0.0,0.0,1.0,4566,5,0,5,4571,,,,
sms,24,0.0006563115292058631,1.0,1.0,1.0,1.0,0.0,0.0,0.0,0.0,0.0,0.0,0.0,0.0,0.0,0.0,1.0,4568,3,0,3,4571,,,,
sms,25,0.0006563115292058631,1.0,1.0,1.0,1.0,0.0,0.0,0.0,0.0,0.0,0.0,0.0,0.0,0.0,0.0,1.0,4568,3,0,3,4571,,,,
sms,26,0.029534018814263836,0.9777777777777777,0.0,0.0,0.0,0.9777777777777777,1.0,0.9887640449438202,0.4888888888888889,0.5,0.4943820224719101,0.9560493827160493,0.9777777777777777,0.9667915106117353,0.0,0.0,4436,0,135,135,4571,,,,
sms,27,0.0028440166265587398,1.0,0.0,0.0,0.0,1.0,1.0,1.0,0.0,0.0,0.0,0.0,0.0,0.0,0.0,0.0,4558,0,13,13,4571,,,,
sms,28,0.0008750820389411508,1.0,0.0,0.0,0.0,1.0,1.0,1.0,0.0,0.0,0.0,0.0,0.0,0.0,0.0,0.0,4567,0,4,4,4571,,,,
sms,29,0.0004375410194705754,1.0,0.0,0.0,0.0,1.0,1.0,1.0,0.0,0.0,0.0,0.0,0.0,0.0,0.0,0.0,4569,0,2,2,4571,,,,
sms,30,0.0006563115292058631,1.0,1.0,1.0,1.0,0.0,0.0,0.0,0.0,0.0,0.0,0.0,0.0,0.0,0.0,1.0,4568,3,0,3,4571,,,,
sms,31,0.0004375410194705754,1.0,0.0,0.0,0.0,1.0,1.0,1.0,0.0,0.0,0.0,0.0,0.0,0.0,0.0,0.0,4569,0,2,2,4571,,,,
sms,32,0.001968934587617589,1.0,1.0,1.0,1.0,0.0,0.0,0.0,0.0,0.0,0.0,0.0,0.0,0.0,1.0,1.0,4562,9,0,9,4571,,,,
sms,33,0.008969590899146795,0.926829268292683,0.926829268292683,1.0,0.9620253164556963,0.0,0.0,0.0,0.4634146341463415,0.5,0.48101265822784817,0.85901249256395,0.926829268292683,0.8916332201296697,0.04918032786885246,1.0,4530,41,0,41,4571,,,,
sms,34,0.0004375410194705754,1.0,1.0,1.0,1.0,0.0,0.0,0.0,0.0,0.0,0.0,0.0,0.0,0.0,0.0,1.0,4569,2,0,2,4571,,,,
sms,35,0.0002187705097352877,1.0,1.0,1.0,1.0,0.0,0.0,0.0,0.0,0.0,0.0,0.0,0.0,0.0,0.0,1.0,4570,1,0,1,4571,,,,
sms,36,0.0010938525486764385,1.0,1.0,1.0,1.0,0.0,0.0,0.0,0.0,0.0,0.0,0.0,0.0,0.0,0.0,1.0,4566,5,0,5,4571,,,,
sms,37,0.02931524830452855,0.9925373134328358,0.0,0.0,0.0,0.9925373134328358,1.0,0.9962546816479401,0.4962686567164179,0.5,0.49812734082397003,0.9851303185564713,0.9925373134328358,0.9888199452177315,0.024390243902439025,0.0,4437,0,134,134,4571,,,,
sms,38,0.0004375410194705754,1.0,1.0,1.0,1.0,0.0,0.0,0.0,0.0,0.0,0.0,0.0,0.0,0.0,0.0,1.0,4569,2,0,2,4571,,,,
sms,39,0.0010938525486764385,1.0,1.0,1.0,1.0,0.0,0.0,0.0,0.0,0.0,0.0,0.0,0.0,0.0,0.0,1.0,4566,5,0,5,4571,,,,
sms,40,0.0004375410194705754,1.0,1.0,1.0,1.0,0.0,0.0,0.0,0.0,0.0,0.0,0.0,0.0,0.0,0.0,1.0,4569,2,0,2,4571,,,,
sms,41,0.0008750820389411508,1.0,1.0,1.0,1.0,0.0,0.0,0.0,0.0,0.0,0.0,0.0,0.0,0.0,0.0,1.0,4567,4,0,4,4571,,,,
sms,42,0.002187705097352877,0.9,0.9,1.0,0.9473684210526316,0.0,0.0,0.0,0.45,0.5,0.4736842105263158,0.8099999999999999,0.9,0.8526315789473685,0.0,1.0,4561,10,0,10,4571,,,,
sms,43,0.0013126230584117262,1.0,0.0,0.0,0.0,1.0,1.0,1.0,0.0,0.0,0.0,0.0,0.0,0.0,0.0,0.0,4565,0,6,6,4571,,,,
sms,44,0.003500328155764603,0.9375,0.9375,1.0,0.967741935483871,0.0,0.0,0.0,0.46875,0.5,0.4838709677419355,0.87890625,0.9375,0.907258064516129,0.058823529411764705,1.0,4555,16,0,16,4571,,,,
sms,45,0.0002187705097352877,1.0,0.0,0.0,0.0,1.0,1.0,1.0,0.0,0.0,0.0,0.0,0.0,0.0,0.0,0.0,4570,0,1,1,4571,,,,
sms,46,0.0002187705097352877,1.0,0.0,0.0,0.0,1.0,1.0,1.0,0.0,0.0,0.0,0.0,0.0,0.0,0.0,0.0,4570,0,1,1,4571,,,,
sms,47,0.0010938525486764385,0.6,0.6,1.0,0.7499999999999999,0.0,0.0,0.0,0.3,0.5,0.37499999999999994,0.36,0.6,0.4499999999999999,0.0,1.0,4566,5,0,5,4571,,,,
sms,48,0.0002187705097352877,1.0,0.0,0.0,0.0,1.0,1.0,1.0,0.0,0.0,0.0,0.0,0.0,0.0,0.0,0.0,4570,0,1,1,4571,,,,
sms,49,0.0008750820389411508,1.0,0.0,0.0,0.0,1.0,1.0,1.0,0.0,0.0,0.0,0.0,0.0,0.0,0.0,0.0,4567,0,4,4,4571,,,,
sms,50,0.0026252461168234523,0.9166666666666666,0.9166666666666666,1.0,0.9565217391304348,0.0,0.0,0.0,0.4583333333333333,0.5,0.4782608695652174,0.8402777777777777,0.9166666666666666,0.8768115942028986,0.0,1.0,4559,12,0,12,4571,,,,
sms,51,0.0002187705097352877,1.0,0.0,0.0,0.0,1.0,1.0,1.0,0.0,0.0,0.0,0.0,0.0,0.0,0.0,0.0,4570,0,1,1,4571,,,,
sms,52,0.0004375410194705754,1.0,0.0,0.0,0.0,1.0,1.0,1.0,0.0,0.0,0.0,0.0,0.0,0.0,0.0,0.0,4569,0,2,2,4571,,,,
sms,53,0.0002187705097352877,1.0,1.0,1.0,1.0,0.0,0.0,0.0,0.0,0.0,0.0,0.0,0.0,0.0,0.0,1.0,4570,1,0,1,4571,,,,
sms,54,0.005031721723911617,0.9565217391304348,0.0,0.0,0.0,0.9565217391304348,1.0,0.9777777777777777,0.4782608695652174,0.5,0.4888888888888889,0.9149338374291116,0.9565217391304348,0.9352657004830917,0.0,0.0,4548,0,23,23,4571,,,,
sms,55,0.0017501640778823015,1.0,1.0,1.0,1.0,0.0,0.0,0.0,0.0,0.0,0.0,0.0,0.0,0.0,0.0,1.0,4563,8,0,8,4571,,,,
sms,56,0.0002187705097352877,1.0,0.0,0.0,0.0,1.0,1.0,1.0,0.0,0.0,0.0,0.0,0.0,0.0,0.0,0.0,4570,0,1,1,4571,,,,
sms,57,0.006781885801793918,0.8064516129032258,0.8064516129032258,1.0,0.8928571428571428,0.0,0.0,0.0,0.4032258064516129,0.5,0.4464285714285714,0.6503642039542143,0.8064516129032258,0.7200460829493087,0.04,1.0,4540,31,0,31,4571,,,,
sms,58,0.0013126230584117262,0.8333333333333334,0.8333333333333334,1.0,0.9090909090909091,0.0,0.0,0.0,0.4166666666666667,0.5,0.45454545454545453,0.6944444444444445,0.8333333333333334,0.7575757575757575,0.0,1.0,4565,6,0,6,4571,,,,
sms,59,0.0004375410194705754,1.0,1.0,1.0,1.0,0.0,0.0,0.0,0.0,0.0,0.0,0.0,0.0,0.0,0.0,1.0,4569,2,0,2,4571,,,,
sms,60,0.0013126230584117262,0.5,0.0,0.0,0.0,0.5,1.0,0.6666666666666666,0.25,0.5,0.3333333333333333,0.25,0.5,0.3333333333333333,0.3333333333333333,0.0,4565,0,6,6,4571,,,,
sms,61,0.005469262743382192,0.96,0.96,1.0,0.9795918367346939,0.0,0.0,0.0,0.48,0.5,0.4897959183673469,0.9216,0.96,0.9404081632653061,0.0,1.0,4546,25,0,25,4571,,,,
sms,62,0.0015313935681470138,0.7142857142857143,0.7142857142857143,1.0,0.8333333333333333,0.0,0.0,0.0,0.35714285714285715,0.5,0.41666666666666663,0.5102040816326531,0.7142857142857143,0.5952380952380951,0.3333333333333333,1.0,4564,7,0,7,4571,,,,
sms,63,0.0015313935681470138,0.7142857142857143,0.7142857142857143,1.0,0.8333333333333333,0.0,0.0,0.0,0.35714285714285715,0.5,0.41666666666666663,0.5102040816326531,0.7142857142857143,0.5952380952380951,1.0,1.0,4564,7,0,7,4571,,,,
sms,64,0.0008750820389411508,1.0,1.0,1.0,1.0,0.0,0.0,0.0,0.0,0.0,0.0,0.0,0.0,0.0,0.0,1.0,4567,4,0,4,4571,,,,
sms,65,0.003500328155764603,0.8125,0.8125,1.0,0.896551724137931,0.0,0.0,0.0,0.40625,0.5,0.4482758620689655,0.66015625,0.8125,0.728448275862069,0.25,1.0,4555,16,0,16,4571,,,,
sms,66,0.0026252461168234523,1.0,0.0,0.0,0.0,1.0,1.0,1.0,0.0,0.0,0.0,0.0,0.0,0.0,0.0,0.0,4559,0,12,12,4571,,,,
sms,67,0.0059068037628527675,0.9629629629629629,0.0,0.0,0.0,0.9629629629629629,1.0,0.9811320754716981,0.48148148148148145,0.5,0.49056603773584906,0.9272976680384087,0.9629629629629629,0.9447938504542278,0.0,0.0,4544,0,27,27,4571,,,,
sms,68,0.0026252461168234523,0.9166666666666666,0.9166666666666666,1.0,0.9565217391304348,0.0,0.0,0.0,0.4583333333333333,0.5,0.4782608695652174,0.8402777777777777,0.9166666666666666,0.8768115942028986,0.0,1.0,4559,12,0,12,4571,,,,
sms,69,0.0015313935681470138,0.8571428571428571,0.8571428571428571,1.0,0.923076923076923,0.0,0.0,0.0,0.42857142857142855,0.5,0.4615384615384615,0.7346938775510203,0.8571428571428571,0.7912087912087912,0.0,1.0,4564,7,0,7,4571,,,,
sms,70,0.0013126230584117262,1.0,1.0,1.0,1.0,0.0,0.0,0.0,0.0,0.0,0.0,0.0,0.0,0.0,0.0,1.0,4565,6,0,6,4571,,,,
sms,71,0.003281557646029315,1.0,1.0,1.0,1.0,0.0,0.0,0.0,0.0,0.0,0.0,0.0,0.0,0.0,0.0,1.0,4556,15,0,15,4571,,,,
sms,72,0.0010938525486764385,1.0,1.0,1.0,1.0,0.0,0.0,0.0,0.0,0.0,0.0,0.0,0.0,0.0,0.0,1.0,4566,5,0,5,4571,,,,
spouse,0,0.11348274635361082,0.4200626959247649,0.4200626959247649,1.0,0.5916114790286976,0.0,0.0,0.0,0.21003134796238246,0.5,0.2958057395143488,0.1764526685075815,0.4200626959247649,0.2485139128208322,0.3313953488372093,1.0,2492,319,0,319,2811,,,,
spouse,1,0.03770900035574529,0.4716981132075472,0.4716981132075472,1.0,0.641025641025641,0.0,0.0,0.0,0.2358490566037736,0.5,0.3205128205128205,0.22249911000355999,0.4716981132075472,0.30237058538945333,0.14018691588785046,1.0,2705,106,0,106,2811,,,,
spouse,2,0.03166133048737104,0.1348314606741573,0.1348314606741573,1.0,0.23762376237623764,0.0,0.0,0.0,0.06741573033707865,0.5,0.11881188118811882,0.01817952278752683,0.1348314606741573,0.032039158972076986,0.46296296296296297,1.0,2722,89,0,89,2811,,,,
spouse,3,0.02170046246887229,0.29508196721311475,0.29508196721311475,1.0,0.4556962025316456,0.0,0.0,0.0,0.14754098360655737,0.5,0.2278481012658228,0.08707336737436172,0.29508196721311475,0.13446773189458397,0.7714285714285715,1.0,2750,61,0,61,2811,,,,
spouse,4,0.11348274635361082,0.9529780564263323,0.0,0.0,0.0,0.9529780564263323,1.0,0.9759229534510433,0.47648902821316613,0.5,0.48796147672552165,0.9081671760301098,0.9529780564263323,0.9300331594016212,0.5975609756097561,0.0,2492,0,319,319,2811,,,,
spouse,5,0.035218783351120594,0.898989898989899,0.0,0.0,0.0,0.898989898989899,1.0,0.9468085106382979,0.4494949494949495,0.5,0.4734042553191489,0.8081828384858688,0.898989898989899,0.8511712873415002,0.23170731707317074,0.0,2712,0,99,99,2811,,,,
spouse,6,0.025257915332621842,0.9577464788732394,0.0,0.0,0.0,0.9577464788732394,1.0,0.9784172661870503,0.4788732394366197,0.5,0.48920863309352514,0.9172783177940883,0.9577464788732394,0.9370756915594285,0.5,0.0,2740,0,71,71,2811,,,,
spouse,7,0.002845962290999644,0.75,0.75,1.0,0.8571428571428571,0.0,0.0,0.0,0.375,0.5,0.42857142857142855,0.5625,0.75,0.6428571428571428,0.06666666666666667,1.0,2803,8,0,8,2811,,,,
spouse,8,0.0035574528637495554,0.4,0.4,1.0,0.5714285714285715,0.0,0.0,0.0,0.2,0.5,0.28571428571428575,0.16,0.4,0.2285714285714286,0.1111111111111111,1.0,2801,10,0,10,2811,,,,
cdr,0,0.030604982206405694,0.5736434108527132,0.5736434108527132,1.0,0.729064039408867,0.0,0.0,0.0,0.2868217054263566,0.5,0.3645320197044335,0.32906676281473474,0.5736434108527132,0.41822278229655935,0.352803738317757,1.0,8172,258,0,258,8430,,,,
cdr,1,0.021708185053380784,0.4644808743169399,0.4644808743169399,1.0,0.6343283582089552,0.0,0.0,0.0,0.23224043715846995,0.5,0.3171641791044776,0.2157424826062289,0.4644808743169399,0.29463339042492454,0.11737089201877934,1.0,8247,183,0,183,8430,,,,
cdr,2,0.0029655990510083037,0.88,0.88,1.0,0.9361702127659575,0.0,0.0,0.0,0.44,0.5,0.46808510638297873,0.7744,0.88,0.8238297872340425,0.05806451612903226,1.0,8405,25,0,25,8430,,,,
cdr,3,0.04958481613285884,0.8588516746411483,0.0,0.0,0.0,0.8588516746411483,1.0,0.924066924066924,0.42942583732057416,0.5,0.462033462033462,0.7376261990339049,0.8588516746411483,0.7936364252153725,0.12586970271979758,0.0,8012,0,418,418,8430,,,,
cdr,4,0.0930011862396204,0.8354591836734694,0.0,0.0,0.0,0.8354591836734694,1.0,0.9103544127866573,0.4177295918367347,0.5,0.45517720639332865,0.6979920475843399,0.8354591836734694,0.7605639545602813,0.13429084380610412,0.0,7646,0,784,784,8430,,,,
cdr,5,0.1822064056939502,0.86328125,0.0,0.0,0.0,0.86328125,1.0,0.9266247379454927,0.431640625,0.5,0.46331236897274636,0.7452545166015625,0.86328125,0.7999377620545074,0.2509188105579686,0.0,6894,0,1536,1536,8430,,,,
cdr,6,0.012930011862396205,0.7431192660550459,0.0,0.0,0.0,0.7431192660550459,1.0,0.8526315789473684,0.37155963302752293,0.5,0.4263157894736842,0.55222624358219,0.7431192660550459,0.6336069531627234,0.25886524822695034,0.0,8321,0,109,109,8430,,,,
cdr,7,0.0166073546856465,0.6071428571428571,0.6071428571428571,1.0,0.7555555555555554,0.0,0.0,0.0,0.30357142857142855,0.5,0.3777777777777777,0.3686224489795918,0.6071428571428571,0.45873015873015865,0.10476190476190476,1.0,8290,140,0,140,8430,,,,
cdr,8,0.020403321470937128,0.8197674418604651,0.8197674418604651,1.0,0.9009584664536741,0.0,0.0,0.0,0.40988372093023256,0.5,0.45047923322683703,0.6720186587344511,0.8197674418604651,0.7385764172672561,0.08213820078226858,1.0,8258,172,0,172,8430,,,,
cdr,9,0.051008303677342826,0.9069767441860465,0.0,0.0,0.0,0.9069767441860465,1.0,0.951219512195122,0.45348837209302323,0.5,0.475609756097561,0.8226068144943213,0.9069767441860465,0.8627339761769711,0.10248447204968944,0.0,8000,0,430,430,8430,,,,
cdr,10,0.06073546856465006,0.81640625,0.0,0.0,0.0,0.81640625,1.0,0.8989247311827957,0.408203125,0.5,0.44946236559139785,0.6665191650390625,0.81640625,0.7338877688172043,0.13697318007662834,0.0,7918,0,512,512,8430,,,,
cdr,11,0.016725978647686834,0.8226950354609929,0.8226950354609929,1.0,0.9027237354085603,0.0,0.0,0.0,0.41134751773049644,0.5,0.45136186770428016,0.6768271213721644,0.8226950354609929,0.7426663355134255,0.09242424242424242,1.0,8289,141,0,141,8430,,,,
cdr,12,0.00023724792408066428,1.0,1.0,1.0,1.0,0.0,0.0,0.0,0.0,0.0,0.0,0.0,0.0,0.0,0.0,1.0,8428,2,0,2,8430,,,,
cdr,13,0.03641755634638197,0.6579804560260586,0.6579804560260586,1.0,0.7937131630648331,0.0,0.0,0.0,0.3289902280130293,0.5,0.39685658153241654,0.4329382805122601,0.6579804560260586,0.5222477489872843,0.16113161131611317,1.0,8123,307,0,307,8430,,,,
cdr,14,0.019217081850533807,0.7530864197530864,0.7530864197530864,1.0,0.8591549295774648,0.0,0.0,0.0,0.3765432098765432,0.5,0.4295774647887324,0.5671391556165218,0.7530864197530864,0.647017909928708,0.09133858267716535,1.0,8268,162,0,162,8430,,,,
cdr,15,0.031198102016607356,0.6844106463878327,0.0,0.0,0.0,0.6844106463878327,1.0,0.8126410835214446,0.34220532319391633,0.5,0.4063205417607223,0.46841793288901096,0.6844106463878327,0.5561802092542206,0.453416149068323,0.0,8167,0,263,263,8430,,,,
cdr,16,0.0009489916963226571,0.875,0.875,1.0,0.9333333333333333,0.0,0.0,0.0,0.4375,0.5,0.4666666666666667,0.765625,0.875,0.8166666666666667,0.2727272727272727,1.0,8422,8,0,8,8430,,,,
cdr,17,0.12099644128113879,0.7764705882352941,0.0,0.0,0.0,0.7764705882352941,1.0,0.8741721854304636,0.38823529411764707,0.5,0.4370860927152318,0.6029065743944637,0.7764705882352941,0.6787689910401247,0.23920426977195536,0.0,7410,0,1020,1020,8430,,,,
cdr,18,0.07473309608540925,0.7492063492063492,0.0,0.0,0.0,0.7492063492063492,1.0,0.8566243194192378,0.3746031746031746,0.5,0.4283121597096189,0.561310153691106,0.7492063492063492,0.6417883789934606,0.36836403033586135,0.0,7800,0,630,630,8430,,,,
cdr,19,0.0014234875444839859,0.5833333333333334,0.0,0.0,0.0,0.5833333333333334,1.0,0.7368421052631579,0.2916666666666667,0.5,0.3684210526315789,0.34027777777777785,0.5833333333333334,0.4298245614035088,0.48,0.0,8418,0,12,12,8430,,,,
cdr,20,0.2973902728351127,0.7650578380534503,0.0,0.0,0.0,0.7650578380534503,1.0,0.8668926553672316,0.38252891902672514,0.5,0.4334463276836158,0.5853134955670194,0.7650578380534503,0.663223020739669,0.36520874751491056,0.0,5923,0,2507,2507,8430,,,,
cdr,21,0.5843416370106762,0.5763296792529435,0.5763296792529435,1.0,0.7312298776561493,0.0,0.0,0.0,0.28816483962647177,0.5,0.36561493882807466,0.3321558991878008,0.5763296792529435,0.42142948084973775,0.7234285714285714,1.0,3504,4926,0,4926,8430,,,,
cdr,22,0.00166073546856465,0.8571428571428571,0.0,0.0,0.0,0.8571428571428571,1.0,0.923076923076923,0.42857142857142855,0.5,0.4615384615384615,0.7346938775510203,0.8571428571428571,0.7912087912087912,0.28,0.0,8416,0,14,14,8430,,,,
cdr,23,0.08908659549228944,0.7017310252996005,0.7017310252996005,1.0,0.8247261345852895,0.0,0.0,0.0,0.35086551264980026,0.5,0.41236306729264477,0.49242643186802854,0.7017310252996005,0.5787359160139115,0.289272030651341,1.0,7679,751,0,751,8430,,,,
cdr,24,0.00498220640569395,0.5952380952380952,0.5952380952380952,1.0,0.7462686567164178,0.0,0.0,0.0,0.2976190476190476,0.5,0.3731343283582089,0.3543083900226757,0.5952380952380952,0.4442075337597725,0.14516129032258066,1.0,8388,42,0,42,8430,,,,
cdr,25,0.041874258600237246,0.773371104815864,0.0,0.0,0.0,0.773371104815864,1.0,0.8722044728434505,0.386685552407932,0.5,0.43610223642172524,0.5981028657641102,0.773371104815864,0.6745377367882776,0.1949339207048458,0.0,8077,0,353,353,8430,,,,
cdr,26,0.007473309608540925,0.8253968253968254,0.0,0.0,0.0,0.8253968253968254,1.0,0.9043478260869565,0.4126984126984127,0.5,0.45217391304347826,0.6812799193751574,0.8253968253968254,0.7464458247066943,0.3263157894736842,0.0,8367,0,63,63,8430,,,,
cdr,27,0.0035587188612099642,0.6666666666666666,0.0,0.0,0.0,0.6666666666666666,1.0,0.8,0.3333333333333333,0.5,0.4,0.4444444444444444,0.6666666666666666,0.5333333333333333,0.3898305084745763,0.0,8400,0,30,30,8430,,,,
cdr,28,0.015183867141162514,0.7109375,0.0,0.0,0.0,0.7109375,1.0,0.8310502283105022,0.35546875,0.5,0.4155251141552511,0.50543212890625,0.7109375,0.5908247716894977,0.4063926940639269,0.0,8302,0,128,128,8430,,,,
cdr,29,0.0029655990510083037,0.44,0.44,1.0,0.6111111111111112,0.0,0.0,0.0,0.22,0.5,0.3055555555555556,0.1936,0.44,0.26888888888888896,0.6417910447761194,1.0,8405,25,0,25,8430,,,,
cdr,30,0.024436536180308423,0.7281553398058253,0.0,0.0,0.0,0.7281553398058253,1.0,0.8426966292134831,0.3640776699029126,0.5,0.42134831460674155,0.5302101988877369,0.7281553398058253,0.6136140503981673,0.4281984334203655,0.0,8224,0,206,206,8430,,,,
cdr,31,0.01886120996441281,0.7672955974842768,0.0,0.0,0.0,0.7672955974842768,1.0,0.8683274021352313,0.3836477987421384,0.5,0.43416370106761565,0.5887425339187532,0.7672955974842768,0.6662637928333222,0.34173669467787116,0.0,8271,0,159,159,8430,,,,
cdr,32,0.10320284697508897,0.674712643678161,0.0,0.0,0.0,0.674712643678161,1.0,0.8057652711050103,0.3373563218390805,0.5,0.40288263555250514,0.455237151539173,0.674712643678161,0.5436600162513116,0.39767441860465114,0.0,7560,0,870,870,8430,,,,
commercial,0,0.2173085919226571,0.9494115958668198,0.3333333333333333,0.005706134094151213,0.011220196353436187,0.949942545245619,0.9993955421231583,0.9740417541146581,0.6416379392894762,0.5025508381086548,0.49263097523404714,0.918926252367425,0.9494115958668198,0.9256105032542522,0.1587546128766436,0.0008610792192881745,50194,12,13924,13936,64130,13227.0,8.0,697.0,4.0
commercial,1,1.0,0.8278340870107594,0.6349570807870288,0.962156086072155,0.7650401140643953,0.9802629742329918,0.7726192571730329,0.8641425389755012,0.8076100275100103,0.8673876716225939,0.8145913265199483,0.8796703545330467,0.8278340870107594,0.8352725638906847,0.23398446818097485,0.4414314673319819,0,28309,35821,64130,64130,35114.0,10334.0,707.0,17975.0
commercial,2,0.7998752533915484,0.9256667186525265,0.9927650915668098,0.5373225648556045,0.6972608177848354,0.9193352249695987,0.9992579538076245,0.9576319210640355,0.9560501582682043,0.7682902593316145,0.8274463694244354,0.931033386031522,0.9256667186525265,0.9161520268033206,0.2167103400499985,0.08622504678727386,12834,4423,46873,51296,64130,43092.0,32.0,3781.0,4391.0
commercial,3,0.15945735225323562,0.947291218462742,0.947291218462742,1.0,0.9729322553106011,0.0,0.0,0.0,0.473645609231371,0.5,0.48646612765530056,0.8973606525766263,0.947291218462742,0.921650181614883,0.1784928716904277,1.0,53904,10226,0,10226,64130,,,,
tennis,0,1.0,0.7959476936341429,0.7605190719622493,0.7045537340619308,0.7314674735249622,0.8163496376811594,0.8554817275747508,0.8354577056778679,0.7884343548217043,0.7800177308183408,0.7834625896014151,0.7943270909217963,0.7959476936341429,0.7944384231286904,0.15915425276309467,0.3654260669636442,0,2543,4416,6959,6959,3605.0,609.0,811.0,1934.0
tennis,1,1.0,0.8597499640752981,0.7908582703058205,0.8761384335154827,0.8313169720013827,0.9132210311383359,0.8490745135263408,0.8799803246433842,0.8520396507220782,0.8626064735209118,0.8556486483223834,0.8649546453810065,0.8597499640752981,0.860784908203911,0.10643921191734743,0.4369880729989941,0,3041,3918,6959,6959,3578.0,636.0,340.0,2405.0
tennis,2,0.09081764621353643,0.7563291139240507,0.6428571428571429,0.16265060240963855,0.2596153846153846,0.764406779661017,0.9678111587982833,0.8541666666666666,0.70363196125908,0.5652308806039609,0.5568910256410255,0.7324807674625311,0.7563291139240507,0.6980028805582602,0.31658092599920856,0.06645569620253164,6327,42,590,632,6959,451.0,15.0,139.0,27.0
tennis,3,0.5995114240551803,0.8815915627996165,0.825136612021858,0.7965335342878673,0.8105828220858897,0.9066067104808024,0.9212653778558875,0.9138772663877266,0.8658716612513302,0.8588994560718775,0.8622300442368082,0.880693282711143,0.8815915627996165,0.8810221063712986,0.08059617150526241,0.3070469798657718,2787,1281,2891,4172,6959,2621.0,224.0,270.0,1057.0
tennis,4,1.0,0.8739761459979882,0.8645589383294301,0.8069216757741348,0.8347465611456567,0.8794632704116443,0.9176554342667299,0.8981535245616072,0.8720111043705372,0.8622885550204323,0.8664500428536319,0.87358420853987,0.8739761459979882,0.8731424432888978,0.10418068236424796,0.3681563443023423,0,2562,4397,6959,6959,3867.0,347.0,530.0,2215.0
tennis,5,0.30004310964218994,0.8625478927203065,0.8618811881188119,0.9954259576901087,0.9238524807641284,0.8823529411764706,0.17699115044247787,0.29484029484029484,0.8721170646476413,0.5862085540662932,0.6093463878022116,0.8652049066468512,0.8625478927203065,0.8217283758655749,0.10119356512714063,0.9674329501915708,4871,2020,68,2088,6959,60.0,279.0,8.0,1741.0
basketball,0,0.9508625486922648,0.9555217416749576,0.0,0.0,0.0,0.9555217416749576,1.0,0.9772550427964327,0.4777608708374788,0.5,0.48862752139821636,0.9130217988135444,0.9555217416749576,0.9337884405534826,0.3722794289726188,0.0,883,0,17087,17087,17970,,,,
basketball,1,0.000333889816360601,0.5,0.5,1.0,0.6666666666666666,0.0,0.0,0.0,0.25,0.5,0.3333333333333333,0.25,0.5,0.3333333333333333,0.125,1.0,17964,6,0,6,17970,,,,
basketball,2,0.019977740678909294,0.25348189415041783,0.25348189415041783,1.0,0.40444444444444444,0.0,0.0,0.0,0.12674094707520892,0.5,0.20222222222222222,0.06425307066208362,0.25348189415041783,0.1025193438563912,0.05191256830601093,1.0,17611,359,0,359,17970,,,,
basketball,3,1.0,0.6255425709515859,0.09666203059805285,0.7481162540365985,0.17120335016627664,0.9782931354359926,0.618860395516695,0.7581323460695159,0.5374775830170228,0.6834883247766468,0.46466784811789624,0.9327152113183271,0.6255425709515859,0.7277897173998381,0.3651730460692184,0.4001112966054535,0,7190,10780,17970,17970,10546.0,6495.0,234.0,695.0
agnews,0,0.11428333333333333,0.8963103397987459,0.0,0.0,0.0,0.8963103397987459,1.0,0.9453203106975314,0.22407758494968646,0.25,0.23633007767438285,0.8033722252301432,0.8963103397987459,0.8473003688999604,0.2810936978992998,0.0,106286,0,13714,13714,120000,,,,
agnews,1,0.13749166666666668,0.7827141038850839,0.0,0.0,0.0,0.7827141038850839,1.0,0.878115119164995,0.19567852597127097,0.25,0.21952877979124874,0.61264136842063,0.7827141038850839,0.6873130886051728,0.3890043453617986,0.0,103501,0,16499,16499,120000,,,,
agnews,2,0.15000833333333333,0.8123993111493806,0.8123993111493806,1.0,0.8964904214559387,0.0,0.0,0.0,0.20309982778734514,0.25,0.22412260536398468,0.6599926407559881,0.8123993111493806,0.7283082008428226,0.44388765878102787,1.0,101999,18001,0,18001,120000,,,,
agnews,3,0.015483333333333333,0.9617868675995694,0.9617868675995694,1.0,0.9805212620027435,0.0,0.0,0.0,0.24044671689989236,0.25,0.24513031550068587,0.9250339786869917,0.9617868675995694,0.9430524731963954,0.09762900976290098,1.0,118142,1858,0,1858,120000,,,,
agnews,4,0.08966666666666667,0.9377323420074349,0.9377323420074349,1.0,0.9678657074340528,0.0,0.0,0.0,0.23443308550185873,0.25,0.2419664268585132,0.8793419452467488,0.9377323420074349,0.9075989765808171,0.17121236008198013,1.0,109240,10760,0,10760,120000,,,,
agnews,5,0.0,0.0,0.0,0.0,0.0,0.0,0.0,0.0,0.0,0.0,0.0,0.0,0.0,0.0,0.5356705074773229,0.5,107786,0,0,0,120000,,,,
agnews,6,0.0,0.0,0.0,0.0,0.0,0.0,0.0,0.0,0.0,0.0,0.0,0.0,0.0,0.0,0.43428912783751494,0.5,109729,0,0,0,120000,,,,
agnews,7,0.0,0.0,0.0,0.0,0.0,0.0,0.0,0.0,0.0,0.0,0.0,0.0,0.0,0.0,0.9325207560501678,0.5,93532,0,0,0,120000,,,,
agnews,8,0.0,0.0,0.0,0.0,0.0,0.0,0.0,0.0,0.0,0.0,0.0,0.0,0.0,0.0,0.3717105263157895,0.5,118479,0,0,0,120000,,,,
trec,0,0.007152791575601033,0.6111111111111112,0.6111111111111112,1.0,0.7586206896551725,0.0,0.0,0.0,0.20370370370370372,0.3333333333333333,0.25287356321839083,0.37345679012345684,0.6111111111111112,0.46360153256704983,0.2903225806451613,1.0,4997,36,0,36,5033,,,,
trec,1,0.04490363600238426,0.7522123893805309,0.0,0.0,0.0,0.7522123893805309,1.0,0.8585858585858585,0.25073746312684364,0.3333333333333333,0.28619528619528617,0.5658234787375674,0.7522123893805309,0.6458389201752033,0.2396694214876033,0.0,4807,0,226,226,5033,,,,
trec,2,0.0005960659646334195,1.0,0.0,0.0,0.0,1.0,1.0,1.0,0.0,0.0,0.0,0.0,0.0,0.0,0.0,0.0,5030,0,3,3,5033,,,,
trec,3,0.0,0.0,0.0,0.0,0.0,0.0,0.0,0.0,0.0,0.0,0.0,0.0,0.0,0.0,0.8666666666666667,0.5,5013,0,0,0,5033,,,,
trec,4,0.0,0.0,0.0,0.0,0.0,0.0,0.0,0.0,0.0,0.0,0.0,0.0,0.0,0.0,0.49193548387096775,0.5,4968,0,0,0,5033,,,,
trec,5,0.0015895092390224518,0.625,0.625,1.0,0.7692307692307693,0.0,0.0,0.0,0.3125,0.5,0.38461538461538464,0.390625,0.625,0.4807692307692308,0.7857142857142857,1.0,5025,8,0,8,5033,,,,
trec,6,0.011523941982912775,0.8620689655172413,0.0,0.0,0.0,0.8620689655172413,1.0,0.9259259259259259,0.28735632183908044,0.3333333333333333,0.30864197530864196,0.7431629013079666,0.8620689655172413,0.7982120051085568,0.03278688524590164,0.0,4975,0,58,58,5033,,,,
trec,7,0.0,0.0,0.0,0.0,0.0,0.0,0.0,0.0,0.0,0.0,0.0,0.0,0.0,0.0,0.6842105263157895,0.5,5007,0,0,0,5033,,,,
trec,8,0.0,0.0,0.0,0.0,0.0,0.0,0.0,0.0,0.0,0.0,0.0,0.0,0.0,0.0,0.04473161033797217,0.5,4700,0,0,0,5033,,,,
trec,9,0.0,0.0,0.0,0.0,0.0,0.0,0.0,0.0,0.0,0.0,0.0,0.0,0.0,0.0,0.19047619047619047,0.5,5008,0,0,0,5033,,,,
trec,10,0.0,0.0,0.0,0.0,0.0,0.0,0.0,0.0,0.0,0.0,0.0,0.0,0.0,0.0,0.018518518518518517,0.5,5008,0,0,0,5033,,,,
trec,11,0.009139678124379097,0.17391304347826086,0.17391304347826086,1.0,0.29629629629629634,0.0,0.0,0.0,0.028985507246376812,0.16666666666666666,0.04938271604938272,0.030245746691871456,0.17391304347826086,0.05152979066022545,0.8428571428571429,1.0,4987,46,0,46,5033,,,,
trec,12,0.0,0.0,0.0,0.0,0.0,0.0,0.0,0.0,0.0,0.0,0.0,0.0,0.0,0.0,0.0,0.5,5032,0,0,0,5033,,,,
trec,13,0.014901649115835486,0.84,0.0,0.0,0.0,0.84,1.0,0.9130434782608696,0.21,0.25,0.2282608695652174,0.7055999999999999,0.84,0.7669565217391305,0.057777777777777775,0.0,4958,0,75,75,5033,,,,
trec,14,0.008344923504867872,0.8095238095238095,0.8095238095238095,1.0,0.8947368421052632,0.0,0.0,0.0,0.20238095238095238,0.25,0.2236842105263158,0.655328798185941,0.8095238095238095,0.7243107769423559,0.9550561797752809,1.0,4991,42,0,42,5033,,,,
trec,15,0.0,0.0,0.0,0.0,0.0,0.0,0.0,0.0,0.0,0.0,0.0,0.0,0.0,0.0,0.40425531914893614,0.5,5015,0,0,0,5033,,,,
trec,16,0.0,0.0,0.0,0.0,0.0,0.0,0.0,0.0,0.0,0.0,0.0,0.0,0.0,0.0,0.875,0.5,5015,0,0,0,5033,,,,
trec,17,0.007748857540234452,1.0,0.0,0.0,0.0,1.0,1.0,1.0,0.0,0.0,0.0,0.0,0.0,0.0,0.0,0.0,4994,0,39,39,5033,,,,
trec,18,0.006159348301212001,0.7741935483870968,0.7741935483870968,1.0,0.8727272727272727,0.0,0.0,0.0,0.1935483870967742,0.25,0.21818181818181817,0.5993756503642039,0.7741935483870968,0.6756598240469208,0.975609756097561,1.0,5002,31,0,31,5033,,,,
trec,19,0.0,0.0,0.0,0.0,0.0,0.0,0.0,0.0,0.0,0.0,0.0,0.0,0.0,0.0,1.0,0.5,5023,0,0,0,5033,,,,
trec,20,0.0,0.0,0.0,0.0,0.0,0.0,0.0,0.0,0.0,0.0,0.0,0.0,0.0,0.0,0.14285714285714285,0.5,5027,0,0,0,5033,,,,
trec,21,0.00039737730975561295,1.0,0.0,0.0,0.0,1.0,1.0,1.0,0.0,0.0,0.0,0.0,0.0,0.0,0.0,0.0,5031,0,2,2,5033,,,,
trec,22,0.0,0.0,0.0,0.0,0.0,0.0,0.0,0.0,0.0,0.0,0.0,0.0,0.0,0.0,0.05357142857142857,0.5,4982,0,0,0,5033,,,,
trec,23,0.013113451221935227,0.6363636363636364,0.6363636363636364,1.0,0.7777777777777778,0.0,0.0,0.0,0.1590909090909091,0.25,0.19444444444444445,0.4049586776859504,0.6363636363636364,0.4949494949494949,0.948051948051948,1.0,4967,66,0,66,5033,,,,
trec,24,0.00039737730975561295,1.0,0.0,0.0,0.0,1.0,1.0,1.0,0.0,0.0,0.0,0.0,0.0,0.0,0.0,0.0,5031,0,2,2,5033,,,,
trec,25,0.01013312139876813,0.9411764705882353,0.0,0.0,0.0,0.9411764705882353,1.0,0.9696969696969697,0.47058823529411764,0.5,0.48484848484848486,0.8858131487889273,0.9411764705882353,0.912655971479501,0.2535211267605634,0.0,4982,0,51,51,5033,,,,
trec,26,0.0,0.0,0.0,0.0,0.0,0.0,0.0,0.0,0.0,0.0,0.0,0.0,0.0,0.0,0.95,0.5,4922,0,0,0,5033,,,,
trec,27,0.0,0.0,0.0,0.0,0.0,0.0,0.0,0.0,0.0,0.0,0.0,0.0,0.0,0.0,0.04176904176904177,0.5,4767,0,0,0,5033,,,,
trec,28,0.0,0.0,0.0,0.0,0.0,0.0,0.0,0.0,0.0,0.0,0.0,0.0,0.0,0.0,0.6239316239316239,0.5,4901,0,0,0,5033,,,,
trec,29,0.002384263858533678,1.0,0.0,0.0,0.0,1.0,1.0,1.0,0.0,0.0,0.0,0.0,0.0,0.0,0.0,0.0,5021,0,12,12,5033,,,,
trec,30,0.0,0.0,0.0,0.0,0.0,0.0,0.0,0.0,0.0,0.0,0.0,0.0,0.0,0.0,0.85,0.5,4991,0,0,0,5033,,,,
trec,31,0.0,0.0,0.0,0.0,0.0,0.0,0.0,0.0,0.0,0.0,0.0,0.0,0.0,0.0,0.3755868544600939,0.5,4948,0,0,0,5033,,,,
trec,32,0.005761970991456387,0.8275862068965517,0.8275862068965517,1.0,0.9056603773584906,0.0,0.0,0.0,0.27586206896551724,0.3333333333333333,0.3018867924528302,0.6848989298454221,0.8275862068965517,0.749512036434613,0.9428571428571428,1.0,5004,29,0,29,5033,,,,
trec,33,0.0013908205841446453,0.42857142857142855,0.0,0.0,0.0,0.42857142857142855,1.0,0.6,0.14285714285714285,0.3333333333333333,0.19999999999999998,0.18367346938775508,0.42857142857142855,0.2571428571428571,0.125,0.0,5026,0,7,7,5033,,,,
trec,34,0.0,0.0,0.0,0.0,0.0,0.0,0.0,0.0,0.0,0.0,0.0,0.0,0.0,0.0,1.0,0.5,4928,0,0,0,5033,,,,
trec,35,0.008344923504867872,0.047619047619047616,0.0,0.0,0.0,0.047619047619047616,1.0,0.0909090909090909,0.011904761904761904,0.25,0.022727272727272724,0.0022675736961451248,0.047619047619047616,0.004329004329004328,0.5280898876404494,0.0,4991,0,42,42,5033,,,,
trec,36,0.0,0.0,0.0,0.0,0.0,0.0,0.0,0.0,0.0,0.0,0.0,0.0,0.0,0.0,0.8857142857142857,0.5,4939,0,0,0,5033,,,,
trec,37,0.0,0.0,0.0,0.0,0.0,0.0,0.0,0.0,0.0,0.0,0.0,0.0,0.0,0.0,1.0,0.5,5026,0,0,0,5033,,,,
trec,38,0.0,0.0,0.0,0.0,0.0,0.0,0.0,0.0,0.0,0.0,0.0,0.0,0.0,0.0,0.9444444444444444,0.5,5019,0,0,0,5033,,,,
trec,39,0.0,0.0,0.0,0.0,0.0,0.0,0.0,0.0,0.0,0.0,0.0,0.0,0.0,0.0,0.04473161033797217,0.5,4700,0,0,0,5033,,,,
trec,40,0.0,0.0,0.0,0.0,0.0,0.0,0.0,0.0,0.0,0.0,0.0,0.0,0.0,0.0,0.7333333333333333,0.5,4968,0,0,0,5033,,,,
trec,41,0.6306377905821577,0.24291115311909262,0.0,0.0,0.0,0.24291115311909262,1.0,0.39087452471482886,0.04048519218651544,0.16666666666666666,0.06514575411913814,0.05900582830964726,0.24291115311909262,0.09494778152335635,0.7284328739152629,0.0,1859,0,3174,3174,5033,,,,
trec,42,0.0,0.0,0.0,0.0,0.0,0.0,0.0,0.0,0.0,0.0,0.0,0.0,0.0,0.0,0.20930232558139536,0.5,5006,0,0,0,5033,,,,
trec,43,0.002185575203655871,0.5454545454545454,0.5454545454545454,1.0,0.7058823529411764,0.0,0.0,0.0,0.13636363636363635,0.25,0.1764705882352941,0.29752066115702475,0.5454545454545454,0.38502673796791437,0.8235294117647058,1.0,5022,11,0,11,5033,,,,
trec,44,0.0,0.0,0.0,0.0,0.0,0.0,0.0,0.0,0.0,0.0,0.0,0.0,0.0,0.0,0.25666666666666665,0.5,4493,0,0,0,5033,,,,
trec,45,0.010530498708523744,0.9811320754716981,0.9811320754716981,1.0,0.9904761904761905,0.0,0.0,0.0,0.49056603773584906,0.5,0.49523809523809526,0.9626201495194019,0.9811320754716981,0.9717879604672058,0.9818181818181818,1.0,4980,53,0,53,5033,,,,
trec,46,0.009139678124379097,0.8913043478260869,0.0,0.0,0.0,0.8913043478260869,1.0,0.9425287356321839,0.44565217391304346,0.5,0.47126436781609193,0.7944234404536862,0.8913043478260869,0.8400799600199899,0.19298245614035087,0.0,4987,0,46,46,5033,,,,
trec,47,0.0,0.0,0.0,0.0,0.0,0.0,0.0,0.0,0.0,0.0,0.0,0.0,0.0,0.0,0.1276595744680851,0.5,4996,0,0,0,5033,,,,
trec,48,0.0,0.0,0.0,0.0,0.0,0.0,0.0,0.0,0.0,0.0,0.0,0.0,0.0,0.0,0.45454545454545453,0.5,5015,0,0,0,5033,,,,
trec,49,0.013709517186568647,0.8405797101449275,0.0,0.0,0.0,0.8405797101449275,1.0,0.9133858267716535,0.2801932367149758,0.3333333333333333,0.30446194225721784,0.7065742491073304,0.8405797101449275,0.7677735935182015,0.05504587155963303,0.0,4964,0,69,69,5033,,,,
trec,50,0.0015895092390224518,0.125,0.0,0.0,0.0,0.125,1.0,0.2222222222222222,0.025,0.2,0.04444444444444444,0.015625,0.125,0.027777777777777776,0.14285714285714285,0.0,5025,0,8,8,5033,,,,
trec,51,0.0,0.0,0.0,0.0,0.0,0.0,0.0,0.0,0.0,0.0,0.0,0.0,0.0,0.0,0.028985507246376812,0.5,4987,0,0,0,5033,,,,
trec,52,0.06040135108285317,0.40131578947368424,0.40131578947368424,1.0,0.5727699530516432,0.0,0.0,0.0,0.0668859649122807,0.16666666666666666,0.09546165884194054,0.16105436288088645,0.40131578947368424,0.22986162589572526,0.6820175438596491,1.0,4729,304,0,304,5033,,,,
trec,53,0.08424398966818995,0.5,0.0,0.0,0.0,0.5,1.0,0.6666666666666666,0.08333333333333333,0.16666666666666666,0.1111111111111111,0.25,0.5,0.3333333333333333,0.16133333333333333,0.0,4609,0,424,424,5033,,,,
trec,54,0.0005960659646334195,0.3333333333333333,0.0,0.0,0.0,0.3333333333333333,1.0,0.5,0.16666666666666666,0.5,0.25,0.1111111111111111,0.3333333333333333,0.16666666666666666,1.0,0.0,5030,0,3,3,5033,,,,
trec,55,0.0,0.0,0.0,0.0,0.0,0.0,0.0,0.0,0.0,0.0,0.0,0.0,0.0,0.0,0.3333333333333333,0.5,5012,0,0,0,5033,,,,
trec,56,0.005761970991456387,0.9310344827586207,0.9310344827586207,1.0,0.9642857142857143,0.0,0.0,0.0,0.46551724137931033,0.5,0.48214285714285715,0.8668252080856124,0.9310344827586207,0.897783251231527,0.9166666666666666,1.0,5004,29,0,29,5033,,,,
trec,57,0.0,0.0,0.0,0.0,0.0,0.0,0.0,0.0,0.0,0.0,0.0,0.0,0.0,0.0,0.8,0.5,5024,0,0,0,5033,,,,
trec,58,0.00735148023047884,0.08108108108108109,0.08108108108108109,1.0,0.15,0.0,0.0,0.0,0.02702702702702703,0.3333333333333333,0.049999999999999996,0.006574141709276845,0.08108108108108109,0.012162162162162161,0.8979591836734694,1.0,4996,37,0,37,5033,,,,
trec,59,0.0,0.0,0.0,0.0,0.0,0.0,0.0,0.0,0.0,0.0,0.0,0.0,0.0,0.0,1.0,0.5,5028,0,0,0,5033,,,,
trec,60,0.0,0.0,0.0,0.0,0.0,0.0,0.0,0.0,0.0,0.0,0.0,0.0,0.0,0.0,0.9532163742690059,0.5,4948,0,0,0,5033,,,,
trec,61,0.0,0.0,0.0,0.0,0.0,0.0,0.0,0.0,0.0,0.0,0.0,0.0,0.0,0.0,0.06451612903225806,0.5,5017,0,0,0,5033,,,,
trec,62,0.0,0.0,0.0,0.0,0.0,0.0,0.0,0.0,0.0,0.0,0.0,0.0,0.0,0.0,0.04176904176904177,0.5,4767,0,0,0,5033,,,,
trec,63,0.0,0.0,0.0,0.0,0.0,0.0,0.0,0.0,0.0,0.0,0.0,0.0,0.0,0.0,0.04473161033797217,0.5,4700,0,0,0,5033,,,,
trec,64,0.0,0.0,0.0,0.0,0.0,0.0,0.0,0.0,0.0,0.0,0.0,0.0,0.0,0.0,0.013856812933025405,0.5,4752,0,0,0,5033,,,,
trec,65,0.0,0.0,0.0,0.0,0.0,0.0,0.0,0.0,0.0,0.0,0.0,0.0,0.0,0.0,0.00909090909090909,0.5,4937,0,0,0,5033,,,,
trec,66,0.02205444069143652,0.3783783783783784,0.3783783783783784,1.0,0.5490196078431372,0.0,0.0,0.0,0.07567567567567568,0.2,0.10980392156862744,0.14317019722425128,0.3783783783783784,0.20773714891361947,0.5462184873949579,1.0,4922,111,0,111,5033,,,,
trec,67,0.0,0.0,0.0,0.0,0.0,0.0,0.0,0.0,0.0,0.0,0.0,0.0,0.0,0.0,0.9852941176470589,0.5,5001,0,0,0,5033,,,,
semeval,0,0.007123070834982192,1.0,0.0,0.0,0.0,1.0,1.0,1.0,0.0,0.0,0.0,0.0,0.0,0.0,0.0,0.0,2509,0,18,18,2527,,,,
semeval,1,0.003957261574990107,0.9,0.0,0.0,0.0,0.9,1.0,0.9473684210526316,0.45,0.5,0.4736842105263158,0.8099999999999999,0.9,0.8526315789473685,0.0,0.0,2517,0,10,10,2527,,,,
semeval,2,0.0031658092599920855,1.0,0.0,0.0,0.0,1.0,1.0,1.0,0.0,0.0,0.0,0.0,0.0,0.0,0.0,0.0,2519,0,8,8,2527,,,,
semeval,3,0.0015829046299960427,1.0,0.0,0.0,0.0,1.0,1.0,1.0,0.0,0.0,0.0,0.0,0.0,0.0,0.0,0.0,2523,0,4,4,2527,,,,
semeval,4,0.0007914523149980214,1.0,0.0,0.0,0.0,1.0,1.0,1.0,0.0,0.0,0.0,0.0,0.0,0.0,0.0,0.0,2525,0,2,2,2527,,,,
semeval,5,0.001187178472497032,1.0,0.0,0.0,0.0,1.0,1.0,1.0,0.0,0.0,0.0,0.0,0.0,0.0,0.0,0.0,2524,0,3,3,2527,,,,
semeval,6,0.0007914523149980214,1.0,0.0,0.0,0.0,1.0,1.0,1.0,0.0,0.0,0.0,0.0,0.0,0.0,0.0,0.0,2525,0,2,2,2527,,,,
semeval,7,0.0015829046299960427,1.0,0.0,0.0,0.0,1.0,1.0,1.0,0.0,0.0,0.0,0.0,0.0,0.0,0.0,0.0,2523,0,4,4,2527,,,,
semeval,8,0.0007914523149980214,1.0,0.0,0.0,0.0,1.0,1.0,1.0,0.0,0.0,0.0,0.0,0.0,0.0,0.0,0.0,2525,0,2,2,2527,,,,
semeval,9,0.0015829046299960427,1.0,0.0,0.0,0.0,1.0,1.0,1.0,0.0,0.0,0.0,0.0,0.0,0.0,0.0,0.0,2523,0,4,4,2527,,,,
semeval,10,0.001187178472497032,1.0,0.0,0.0,0.0,1.0,1.0,1.0,0.0,0.0,0.0,0.0,0.0,0.0,0.0,0.0,2524,0,3,3,2527,,,,
semeval,11,0.0015829046299960427,1.0,0.0,0.0,0.0,1.0,1.0,1.0,0.0,0.0,0.0,0.0,0.0,0.0,0.0,0.0,2523,0,4,4,2527,,,,
semeval,12,0.036011080332409975,0.9120879120879121,0.0,0.0,0.0,0.9120879120879121,1.0,0.9540229885057472,0.22802197802197802,0.25,0.2385057471264368,0.8319043593768868,0.9120879120879121,0.8701528356700772,0.0,0.0,2436,0,91,91,2527,,,,
semeval,13,0.004748713889988128,1.0,0.0,0.0,0.0,1.0,1.0,1.0,0.0,0.0,0.0,0.0,0.0,0.0,0.0,0.0,2515,0,12,12,2527,,,,
semeval,14,0.012663237039968342,1.0,0.0,0.0,0.0,1.0,1.0,1.0,0.0,0.0,0.0,0.0,0.0,0.0,0.0,0.0,2495,0,32,32,2527,,,,
semeval,15,0.007123070834982192,0.9444444444444444,0.0,0.0,0.0,0.9444444444444444,1.0,0.9714285714285714,0.4722222222222222,0.5,0.4857142857142857,0.8919753086419752,0.9444444444444444,0.9174603174603173,0.0,0.0,2509,0,18,18,2527,,,,
semeval,16,0.003561535417491096,1.0,0.0,0.0,0.0,1.0,1.0,1.0,0.0,0.0,0.0,0.0,0.0,0.0,0.0,0.0,2518,0,9,9,2527,,,,
semeval,17,0.006331618519984171,1.0,0.0,0.0,0.0,1.0,1.0,1.0,0.0,0.0,0.0,0.0,0.0,0.0,0.0,0.0,2511,0,16,16,2527,,,,
semeval,18,0.00554016620498615,0.9285714285714286,0.0,0.0,0.0,0.9285714285714286,1.0,0.962962962962963,0.4642857142857143,0.5,0.4814814814814815,0.8622448979591837,0.9285714285714286,0.8941798941798942,0.0,0.0,2513,0,14,14,2527,,,,
semeval,19,0.0019786307874950534,1.0,0.0,0.0,0.0,1.0,1.0,1.0,0.0,0.0,0.0,0.0,0.0,0.0,0.0,0.0,2522,0,5,5,2527,,,,
semeval,20,0.00554016620498615,1.0,0.0,0.0,0.0,1.0,1.0,1.0,0.0,0.0,0.0,0.0,0.0,0.0,0.0,0.0,2513,0,14,14,2527,,,,
semeval,21,0.003561535417491096,1.0,0.0,0.0,0.0,1.0,1.0,1.0,0.0,0.0,0.0,0.0,0.0,0.0,0.0,0.0,2518,0,9,9,2527,,,,
semeval,22,0.0031658092599920855,1.0,0.0,0.0,0.0,1.0,1.0,1.0,0.0,0.0,0.0,0.0,0.0,0.0,0.0,0.0,2519,0,8,8,2527,,,,
semeval,23,0.001187178472497032,1.0,0.0,0.0,0.0,1.0,1.0,1.0,0.0,0.0,0.0,0.0,0.0,0.0,0.0,0.0,2524,0,3,3,2527,,,,
semeval,24,0.001187178472497032,1.0,0.0,0.0,0.0,1.0,1.0,1.0,0.0,0.0,0.0,0.0,0.0,0.0,0.0,0.0,2524,0,3,3,2527,,,,
semeval,25,0.003561535417491096,0.8888888888888888,0.0,0.0,0.0,0.8888888888888888,1.0,0.9411764705882353,0.4444444444444444,0.5,0.47058823529411764,0.7901234567901234,0.8888888888888888,0.8366013071895425,0.0,0.0,2518,0,9,9,2527,,,,
semeval,26,0.0015829046299960427,0.75,0.0,0.0,0.0,0.75,1.0,0.8571428571428571,0.375,0.5,0.42857142857142855,0.5625,0.75,0.6428571428571428,0.0,0.0,2523,0,4,4,2527,,,,
semeval,27,0.0015829046299960427,1.0,0.0,0.0,0.0,1.0,1.0,1.0,0.0,0.0,0.0,0.0,0.0,0.0,0.0,0.0,2523,0,4,4,2527,,,,
semeval,28,0.0007914523149980214,1.0,0.0,0.0,0.0,1.0,1.0,1.0,0.0,0.0,0.0,0.0,0.0,0.0,0.0,0.0,2525,0,2,2,2527,,,,
semeval,29,0.0007914523149980214,1.0,0.0,0.0,0.0,1.0,1.0,1.0,0.0,0.0,0.0,0.0,0.0,0.0,0.0,0.0,2525,0,2,2,2527,,,,
semeval,30,0.002374356944994064,1.0,0.0,0.0,0.0,1.0,1.0,1.0,0.0,0.0,0.0,0.0,0.0,0.0,0.0,0.0,2521,0,6,6,2527,,,,
semeval,31,0.0007914523149980214,1.0,0.0,0.0,0.0,1.0,1.0,1.0,0.0,0.0,0.0,0.0,0.0,0.0,0.0,0.0,2525,0,2,2,2527,,,,
semeval,32,0.0007914523149980214,1.0,0.0,0.0,0.0,1.0,1.0,1.0,0.0,0.0,0.0,0.0,0.0,0.0,0.0,0.0,2525,0,2,2,2527,,,,
semeval,33,0.001187178472497032,1.0,0.0,0.0,0.0,1.0,1.0,1.0,0.0,0.0,0.0,0.0,0.0,0.0,0.0,0.0,2524,0,3,3,2527,,,,
semeval,34,0.0015829046299960427,1.0,0.0,0.0,0.0,1.0,1.0,1.0,0.0,0.0,0.0,0.0,0.0,0.0,0.0,0.0,2523,0,4,4,2527,,,,
semeval,35,0.0007914523149980214,1.0,0.0,0.0,0.0,1.0,1.0,1.0,0.0,0.0,0.0,0.0,0.0,0.0,0.0,0.0,2525,0,2,2,2527,,,,
semeval,36,0.0007914523149980214,1.0,0.0,0.0,0.0,1.0,1.0,1.0,0.0,0.0,0.0,0.0,0.0,0.0,0.0,0.0,2525,0,2,2,2527,,,,
semeval,37,0.0007914523149980214,1.0,0.0,0.0,0.0,1.0,1.0,1.0,0.0,0.0,0.0,0.0,0.0,0.0,0.0,0.0,2525,0,2,2,2527,,,,
semeval,38,0.001187178472497032,1.0,0.0,0.0,0.0,1.0,1.0,1.0,0.0,0.0,0.0,0.0,0.0,0.0,0.0,0.0,2524,0,3,3,2527,,,,
semeval,39,0.001187178472497032,1.0,0.0,0.0,0.0,1.0,1.0,1.0,0.0,0.0,0.0,0.0,0.0,0.0,0.0,0.0,2524,0,3,3,2527,,,,
semeval,40,0.11040759794222398,0.9354838709677419,0.9354838709677419,1.0,0.9666666666666666,0.0,0.0,0.0,0.15591397849462366,0.16666666666666666,0.1611111111111111,0.8751300728407908,0.9354838709677419,0.9043010752688171,1.0,1.0,2248,279,0,279,2527,,,,
semeval,41,0.004352987732489117,1.0,1.0,1.0,1.0,0.0,0.0,0.0,0.0,0.0,0.0,0.0,0.0,0.0,1.0,1.0,2516,11,0,11,2527,,,,
semeval,42,0.0051444400474871385,0.7692307692307693,0.7692307692307693,1.0,0.8695652173913044,0.0,0.0,0.0,0.25641025641025644,0.3333333333333333,0.2898550724637681,0.591715976331361,0.7692307692307693,0.6688963210702342,0.0,1.0,2514,13,0,13,2527,,,,
semeval,43,0.004352987732489117,0.8181818181818182,0.8181818181818182,1.0,0.9,0.0,0.0,0.0,0.4090909090909091,0.5,0.45,0.6694214876033059,0.8181818181818182,0.7363636363636363,1.0,1.0,2516,11,0,11,2527,,,,
semeval,44,0.002374356944994064,1.0,1.0,1.0,1.0,0.0,0.0,0.0,0.0,0.0,0.0,0.0,0.0,0.0,0.0,1.0,2521,6,0,6,2527,,,,
semeval,45,0.001187178472497032,1.0,1.0,1.0,1.0,0.0,0.0,0.0,0.0,0.0,0.0,0.0,0.0,0.0,0.0,1.0,2524,3,0,3,2527,,,,
semeval,46,0.001187178472497032,1.0,1.0,1.0,1.0,0.0,0.0,0.0,0.0,0.0,0.0,0.0,0.0,0.0,0.0,1.0,2524,3,0,3,2527,,,,
semeval,47,0.001187178472497032,1.0,1.0,1.0,1.0,0.0,0.0,0.0,0.0,0.0,0.0,0.0,0.0,0.0,0.0,1.0,2524,3,0,3,2527,,,,
semeval,48,0.0007914523149980214,1.0,1.0,1.0,1.0,0.0,0.0,0.0,0.0,0.0,0.0,0.0,0.0,0.0,0.0,1.0,2525,2,0,2,2527,,,,
semeval,49,0.00554016620498615,1.0,1.0,1.0,1.0,0.0,0.0,0.0,0.0,0.0,0.0,0.0,0.0,0.0,0.0,1.0,2513,14,0,14,2527,,,,
semeval,50,0.0007914523149980214,1.0,1.0,1.0,1.0,0.0,0.0,0.0,0.0,0.0,0.0,0.0,0.0,0.0,0.0,1.0,2525,2,0,2,2527,,,,
semeval,51,0.0007914523149980214,1.0,1.0,1.0,1.0,0.0,0.0,0.0,0.0,0.0,0.0,0.0,0.0,0.0,0.0,1.0,2525,2,0,2,2527,,,,
semeval,52,0.0015829046299960427,1.0,1.0,1.0,1.0,0.0,0.0,0.0,0.0,0.0,0.0,0.0,0.0,0.0,0.0,1.0,2523,4,0,4,2527,,,,
semeval,53,0.0007914523149980214,1.0,1.0,1.0,1.0,0.0,0.0,0.0,0.0,0.0,0.0,0.0,0.0,0.0,0.0,1.0,2525,2,0,2,2527,,,,
semeval,54,0.0007914523149980214,1.0,1.0,1.0,1.0,0.0,0.0,0.0,0.0,0.0,0.0,0.0,0.0,0.0,0.0,1.0,2525,2,0,2,2527,,,,
semeval,55,0.0007914523149980214,1.0,1.0,1.0,1.0,0.0,0.0,0.0,0.0,0.0,0.0,0.0,0.0,0.0,0.0,1.0,2525,2,0,2,2527,,,,
semeval,56,0.0,0.0,0.0,0.0,0.0,0.0,0.0,0.0,0.0,0.0,0.0,0.0,0.0,0.0,0.0,0.5,2417,0,0,0,2527,,,,
semeval,57,0.0,0.0,0.0,0.0,0.0,0.0,0.0,0.0,0.0,0.0,0.0,0.0,0.0,0.0,0.0,0.5,2507,0,0,0,2527,,,,
semeval,58,0.0,0.0,0.0,0.0,0.0,0.0,0.0,0.0,0.0,0.0,0.0,0.0,0.0,0.0,0.0,0.5,2515,0,0,0,2527,,,,
semeval,59,0.0,0.0,0.0,0.0,0.0,0.0,0.0,0.0,0.0,0.0,0.0,0.0,0.0,0.0,0.0,0.5,2517,0,0,0,2527,,,,
semeval,60,0.0,0.0,0.0,0.0,0.0,0.0,0.0,0.0,0.0,0.0,0.0,0.0,0.0,0.0,0.0,0.5,2515,0,0,0,2527,,,,
semeval,61,0.0,0.0,0.0,0.0,0.0,0.0,0.0,0.0,0.0,0.0,0.0,0.0,0.0,0.0,0.0,0.5,2518,0,0,0,2527,,,,
semeval,62,0.0,0.0,0.0,0.0,0.0,0.0,0.0,0.0,0.0,0.0,0.0,0.0,0.0,0.0,0.0,0.5,2523,0,0,0,2527,,,,
semeval,63,0.0,0.0,0.0,0.0,0.0,0.0,0.0,0.0,0.0,0.0,0.0,0.0,0.0,0.0,0.0,0.5,2522,0,0,0,2527,,,,
semeval,64,0.0,0.0,0.0,0.0,0.0,0.0,0.0,0.0,0.0,0.0,0.0,0.0,0.0,0.0,0.0,0.5,2524,0,0,0,2527,,,,
semeval,65,0.0,0.0,0.0,0.0,0.0,0.0,0.0,0.0,0.0,0.0,0.0,0.0,0.0,0.0,0.0,0.5,2523,0,0,0,2527,,,,
semeval,66,0.0,0.0,0.0,0.0,0.0,0.0,0.0,0.0,0.0,0.0,0.0,0.0,0.0,0.0,0.0,0.5,2525,0,0,0,2527,,,,
semeval,67,0.0,0.0,0.0,0.0,0.0,0.0,0.0,0.0,0.0,0.0,0.0,0.0,0.0,0.0,0.0,0.5,2525,0,0,0,2527,,,,
semeval,68,0.0,0.0,0.0,0.0,0.0,0.0,0.0,0.0,0.0,0.0,0.0,0.0,0.0,0.0,0.0,0.5,2524,0,0,0,2527,,,,
semeval,69,0.0,0.0,0.0,0.0,0.0,0.0,0.0,0.0,0.0,0.0,0.0,0.0,0.0,0.0,0.0,0.5,2525,0,0,0,2527,,,,
semeval,70,0.0,0.0,0.0,0.0,0.0,0.0,0.0,0.0,0.0,0.0,0.0,0.0,0.0,0.0,0.0,0.5,2525,0,0,0,2527,,,,
semeval,71,0.0,0.0,0.0,0.0,0.0,0.0,0.0,0.0,0.0,0.0,0.0,0.0,0.0,0.0,0.0,0.5,2479,0,0,0,2527,,,,
semeval,72,0.0,0.0,0.0,0.0,0.0,0.0,0.0,0.0,0.0,0.0,0.0,0.0,0.0,0.0,0.0,0.5,2489,0,0,0,2527,,,,
semeval,73,0.0,0.0,0.0,0.0,0.0,0.0,0.0,0.0,0.0,0.0,0.0,0.0,0.0,0.0,0.0,0.5,2519,0,0,0,2527,,,,
semeval,74,0.0,0.0,0.0,0.0,0.0,0.0,0.0,0.0,0.0,0.0,0.0,0.0,0.0,0.0,0.0,0.5,2522,0,0,0,2527,,,,
semeval,75,0.0,0.0,0.0,0.0,0.0,0.0,0.0,0.0,0.0,0.0,0.0,0.0,0.0,0.0,0.0,0.5,2525,0,0,0,2527,,,,
semeval,76,0.0,0.0,0.0,0.0,0.0,0.0,0.0,0.0,0.0,0.0,0.0,0.0,0.0,0.0,0.0,0.5,2525,0,0,0,2527,,,,
semeval,77,0.0,0.0,0.0,0.0,0.0,0.0,0.0,0.0,0.0,0.0,0.0,0.0,0.0,0.0,0.0,0.5,2440,0,0,0,2527,,,,
semeval,78,0.0,0.0,0.0,0.0,0.0,0.0,0.0,0.0,0.0,0.0,0.0,0.0,0.0,0.0,0.0,0.5,2500,0,0,0,2527,,,,
semeval,79,0.0,0.0,0.0,0.0,0.0,0.0,0.0,0.0,0.0,0.0,0.0,0.0,0.0,0.0,0.0,0.5,2505,0,0,0,2527,,,,
semeval,80,0.0,0.0,0.0,0.0,0.0,0.0,0.0,0.0,0.0,0.0,0.0,0.0,0.0,0.0,0.0,0.5,2514,0,0,0,2527,,,,
semeval,81,0.0,0.0,0.0,0.0,0.0,0.0,0.0,0.0,0.0,0.0,0.0,0.0,0.0,0.0,0.0,0.5,2515,0,0,0,2527,,,,
semeval,82,0.0,0.0,0.0,0.0,0.0,0.0,0.0,0.0,0.0,0.0,0.0,0.0,0.0,0.0,0.0,0.5,2514,0,0,0,2527,,,,
semeval,83,0.0,0.0,0.0,0.0,0.0,0.0,0.0,0.0,0.0,0.0,0.0,0.0,0.0,0.0,0.0,0.5,2522,0,0,0,2527,,,,
semeval,84,0.0,0.0,0.0,0.0,0.0,0.0,0.0,0.0,0.0,0.0,0.0,0.0,0.0,0.0,0.0,0.5,2524,0,0,0,2527,,,,
semeval,85,0.0,0.0,0.0,0.0,0.0,0.0,0.0,0.0,0.0,0.0,0.0,0.0,0.0,0.0,0.0,0.5,2523,0,0,0,2527,,,,
semeval,86,0.0,0.0,0.0,0.0,0.0,0.0,0.0,0.0,0.0,0.0,0.0,0.0,0.0,0.0,0.0,0.5,2524,0,0,0,2527,,,,
semeval,87,0.0,0.0,0.0,0.0,0.0,0.0,0.0,0.0,0.0,0.0,0.0,0.0,0.0,0.0,0.0,0.5,2523,0,0,0,2527,,,,
semeval,88,0.0,0.0,0.0,0.0,0.0,0.0,0.0,0.0,0.0,0.0,0.0,0.0,0.0,0.0,0.0,0.5,2523,0,0,0,2527,,,,
semeval,89,0.0,0.0,0.0,0.0,0.0,0.0,0.0,0.0,0.0,0.0,0.0,0.0,0.0,0.0,0.0,0.5,2523,0,0,0,2527,,,,
semeval,90,0.0,0.0,0.0,0.0,0.0,0.0,0.0,0.0,0.0,0.0,0.0,0.0,0.0,0.0,0.0,0.5,2524,0,0,0,2527,,,,
semeval,91,0.0,0.0,0.0,0.0,0.0,0.0,0.0,0.0,0.0,0.0,0.0,0.0,0.0,0.0,0.0,0.5,2523,0,0,0,2527,,,,
semeval,92,0.0,0.0,0.0,0.0,0.0,0.0,0.0,0.0,0.0,0.0,0.0,0.0,0.0,0.0,0.0,0.5,2525,0,0,0,2527,,,,
semeval,93,0.0,0.0,0.0,0.0,0.0,0.0,0.0,0.0,0.0,0.0,0.0,0.0,0.0,0.0,0.0,0.5,2519,0,0,0,2527,,,,
semeval,94,0.0,0.0,0.0,0.0,0.0,0.0,0.0,0.0,0.0,0.0,0.0,0.0,0.0,0.0,0.0,0.5,2520,0,0,0,2527,,,,
semeval,95,0.0,0.0,0.0,0.0,0.0,0.0,0.0,0.0,0.0,0.0,0.0,0.0,0.0,0.0,0.0,0.5,2523,0,0,0,2527,,,,
semeval,96,0.0,0.0,0.0,0.0,0.0,0.0,0.0,0.0,0.0,0.0,0.0,0.0,0.0,0.0,0.0,0.5,2523,0,0,0,2527,,,,
semeval,97,0.0,0.0,0.0,0.0,0.0,0.0,0.0,0.0,0.0,0.0,0.0,0.0,0.0,0.0,0.0,0.5,2520,0,0,0,2527,,,,
semeval,98,0.0,0.0,0.0,0.0,0.0,0.0,0.0,0.0,0.0,0.0,0.0,0.0,0.0,0.0,0.0,0.5,2521,0,0,0,2527,,,,
semeval,99,0.0,0.0,0.0,0.0,0.0,0.0,0.0,0.0,0.0,0.0,0.0,0.0,0.0,0.0,0.0,0.5,2523,0,0,0,2527,,,,
semeval,100,0.0,0.0,0.0,0.0,0.0,0.0,0.0,0.0,0.0,0.0,0.0,0.0,0.0,0.0,0.0,0.5,2524,0,0,0,2527,,,,
semeval,101,0.0,0.0,0.0,0.0,0.0,0.0,0.0,0.0,0.0,0.0,0.0,0.0,0.0,0.0,0.0,0.5,2523,0,0,0,2527,,,,
semeval,102,0.0,0.0,0.0,0.0,0.0,0.0,0.0,0.0,0.0,0.0,0.0,0.0,0.0,0.0,0.0,0.5,2524,0,0,0,2527,,,,
semeval,103,0.0,0.0,0.0,0.0,0.0,0.0,0.0,0.0,0.0,0.0,0.0,0.0,0.0,0.0,0.0,0.5,2524,0,0,0,2527,,,,
semeval,104,0.0,0.0,0.0,0.0,0.0,0.0,0.0,0.0,0.0,0.0,0.0,0.0,0.0,0.0,0.0,0.5,2524,0,0,0,2527,,,,
semeval,105,0.0,0.0,0.0,0.0,0.0,0.0,0.0,0.0,0.0,0.0,0.0,0.0,0.0,0.0,0.0,0.5,2525,0,0,0,2527,,,,
semeval,106,0.0,0.0,0.0,0.0,0.0,0.0,0.0,0.0,0.0,0.0,0.0,0.0,0.0,0.0,0.0,0.5,2525,0,0,0,2527,,,,
semeval,107,0.0,0.0,0.0,0.0,0.0,0.0,0.0,0.0,0.0,0.0,0.0,0.0,0.0,0.0,0.0,0.5,2522,0,0,0,2527,,,,
semeval,108,0.0,0.0,0.0,0.0,0.0,0.0,0.0,0.0,0.0,0.0,0.0,0.0,0.0,0.0,0.0,0.5,2525,0,0,0,2527,,,,
semeval,109,0.0,0.0,0.0,0.0,0.0,0.0,0.0,0.0,0.0,0.0,0.0,0.0,0.0,0.0,0.0,0.5,2523,0,0,0,2527,,,,
semeval,110,0.0,0.0,0.0,0.0,0.0,0.0,0.0,0.0,0.0,0.0,0.0,0.0,0.0,0.0,0.0,0.5,2520,0,0,0,2527,,,,
semeval,111,0.0,0.0,0.0,0.0,0.0,0.0,0.0,0.0,0.0,0.0,0.0,0.0,0.0,0.0,0.0,0.5,2522,0,0,0,2527,,,,
semeval,112,0.0,0.0,0.0,0.0,0.0,0.0,0.0,0.0,0.0,0.0,0.0,0.0,0.0,0.0,0.0,0.5,2525,0,0,0,2527,,,,
semeval,113,0.0,0.0,0.0,0.0,0.0,0.0,0.0,0.0,0.0,0.0,0.0,0.0,0.0,0.0,0.0,0.5,2510,0,0,0,2527,,,,
semeval,114,0.0,0.0,0.0,0.0,0.0,0.0,0.0,0.0,0.0,0.0,0.0,0.0,0.0,0.0,0.0,0.5,2518,0,0,0,2527,,,,
semeval,115,0.0,0.0,0.0,0.0,0.0,0.0,0.0,0.0,0.0,0.0,0.0,0.0,0.0,0.0,0.0,0.5,2525,0,0,0,2527,,,,
semeval,116,0.0,0.0,0.0,0.0,0.0,0.0,0.0,0.0,0.0,0.0,0.0,0.0,0.0,0.0,0.0,0.5,2525,0,0,0,2527,,,,
semeval,117,0.0,0.0,0.0,0.0,0.0,0.0,0.0,0.0,0.0,0.0,0.0,0.0,0.0,0.0,0.0,0.5,2521,0,0,0,2527,,,,
semeval,118,0.0,0.0,0.0,0.0,0.0,0.0,0.0,0.0,0.0,0.0,0.0,0.0,0.0,0.0,0.0,0.5,2522,0,0,0,2527,,,,
semeval,119,0.0,0.0,0.0,0.0,0.0,0.0,0.0,0.0,0.0,0.0,0.0,0.0,0.0,0.0,0.0,0.5,2519,0,0,0,2527,,,,
semeval,120,0.0,0.0,0.0,0.0,0.0,0.0,0.0,0.0,0.0,0.0,0.0,0.0,0.0,0.0,0.0,0.5,2521,0,0,0,2527,,,,
semeval,121,0.0,0.0,0.0,0.0,0.0,0.0,0.0,0.0,0.0,0.0,0.0,0.0,0.0,0.0,0.0,0.5,2524,0,0,0,2527,,,,
semeval,122,0.0,0.0,0.0,0.0,0.0,0.0,0.0,0.0,0.0,0.0,0.0,0.0,0.0,0.0,0.0,0.5,2524,0,0,0,2527,,,,
semeval,123,0.0,0.0,0.0,0.0,0.0,0.0,0.0,0.0,0.0,0.0,0.0,0.0,0.0,0.0,0.0,0.5,2522,0,0,0,2527,,,,
semeval,124,0.0,0.0,0.0,0.0,0.0,0.0,0.0,0.0,0.0,0.0,0.0,0.0,0.0,0.0,0.0,0.5,2525,0,0,0,2527,,,,
semeval,125,0.0,0.0,0.0,0.0,0.0,0.0,0.0,0.0,0.0,0.0,0.0,0.0,0.0,0.0,0.0,0.5,2525,0,0,0,2527,,,,
semeval,126,0.0,0.0,0.0,0.0,0.0,0.0,0.0,0.0,0.0,0.0,0.0,0.0,0.0,0.0,0.0,0.5,2524,0,0,0,2527,,,,
semeval,127,0.0,0.0,0.0,0.0,0.0,0.0,0.0,0.0,0.0,0.0,0.0,0.0,0.0,0.0,0.0,0.5,2524,0,0,0,2527,,,,
semeval,128,0.0,0.0,0.0,0.0,0.0,0.0,0.0,0.0,0.0,0.0,0.0,0.0,0.0,0.0,0.0,0.5,2518,0,0,0,2527,,,,
semeval,129,0.0,0.0,0.0,0.0,0.0,0.0,0.0,0.0,0.0,0.0,0.0,0.0,0.0,0.0,0.0,0.5,2522,0,0,0,2527,,,,
semeval,130,0.0,0.0,0.0,0.0,0.0,0.0,0.0,0.0,0.0,0.0,0.0,0.0,0.0,0.0,0.0,0.5,2523,0,0,0,2527,,,,
semeval,131,0.0,0.0,0.0,0.0,0.0,0.0,0.0,0.0,0.0,0.0,0.0,0.0,0.0,0.0,0.0,0.5,2525,0,0,0,2527,,,,
semeval,132,0.0,0.0,0.0,0.0,0.0,0.0,0.0,0.0,0.0,0.0,0.0,0.0,0.0,0.0,0.0,0.5,2177,0,0,0,2527,,,,
semeval,133,0.0,0.0,0.0,0.0,0.0,0.0,0.0,0.0,0.0,0.0,0.0,0.0,0.0,0.0,0.0,0.5,2516,0,0,0,2527,,,,
semeval,134,0.0,0.0,0.0,0.0,0.0,0.0,0.0,0.0,0.0,0.0,0.0,0.0,0.0,0.0,0.0,0.5,2521,0,0,0,2527,,,,
semeval,135,0.0,0.0,0.0,0.0,0.0,0.0,0.0,0.0,0.0,0.0,0.0,0.0,0.0,0.0,0.0,0.5,2524,0,0,0,2527,,,,
semeval,136,0.0,0.0,0.0,0.0,0.0,0.0,0.0,0.0,0.0,0.0,0.0,0.0,0.0,0.0,0.4485842026825633,0.5,1169,0,0,0,2527,,,,
semeval,137,0.0,0.0,0.0,0.0,0.0,0.0,0.0,0.0,0.0,0.0,0.0,0.0,0.0,0.0,0.0,0.5,2524,0,0,0,2527,,,,
semeval,138,0.0,0.0,0.0,0.0,0.0,0.0,0.0,0.0,0.0,0.0,0.0,0.0,0.0,0.0,0.0,0.5,2525,0,0,0,2527,,,,
semeval,139,0.0,0.0,0.0,0.0,0.0,0.0,0.0,0.0,0.0,0.0,0.0,0.0,0.0,0.0,0.0,0.5,2525,0,0,0,2527,,,,
semeval,140,0.0,0.0,0.0,0.0,0.0,0.0,0.0,0.0,0.0,0.0,0.0,0.0,0.0,0.0,0.0,0.5,2525,0,0,0,2527,,,,
semeval,141,0.0,0.0,0.0,0.0,0.0,0.0,0.0,0.0,0.0,0.0,0.0,0.0,0.0,0.0,0.0,0.5,2525,0,0,0,2527,,,,
semeval,142,0.0,0.0,0.0,0.0,0.0,0.0,0.0,0.0,0.0,0.0,0.0,0.0,0.0,0.0,0.0,0.5,2525,0,0,0,2527,,,,
semeval,143,0.0,0.0,0.0,0.0,0.0,0.0,0.0,0.0,0.0,0.0,0.0,0.0,0.0,0.0,0.0,0.5,2525,0,0,0,2527,,,,
semeval,144,0.0,0.0,0.0,0.0,0.0,0.0,0.0,0.0,0.0,0.0,0.0,0.0,0.0,0.0,0.0,0.5,2525,0,0,0,2527,,,,
semeval,145,0.0,0.0,0.0,0.0,0.0,0.0,0.0,0.0,0.0,0.0,0.0,0.0,0.0,0.0,0.0,0.5,2525,0,0,0,2527,,,,
semeval,146,0.0,0.0,0.0,0.0,0.0,0.0,0.0,0.0,0.0,0.0,0.0,0.0,0.0,0.0,0.0,0.5,2525,0,0,0,2527,,,,
semeval,147,0.0,0.0,0.0,0.0,0.0,0.0,0.0,0.0,0.0,0.0,0.0,0.0,0.0,0.0,0.0,0.5,2525,0,0,0,2527,,,,
semeval,148,0.0,0.0,0.0,0.0,0.0,0.0,0.0,0.0,0.0,0.0,0.0,0.0,0.0,0.0,0.0,0.5,2525,0,0,0,2527,,,,
semeval,149,0.0,0.0,0.0,0.0,0.0,0.0,0.0,0.0,0.0,0.0,0.0,0.0,0.0,0.0,0.0,0.5,2522,0,0,0,2527,,,,
semeval,150,0.0,0.0,0.0,0.0,0.0,0.0,0.0,0.0,0.0,0.0,0.0,0.0,0.0,0.0,0.0,0.5,2522,0,0,0,2527,,,,
semeval,151,0.0,0.0,0.0,0.0,0.0,0.0,0.0,0.0,0.0,0.0,0.0,0.0,0.0,0.0,0.0,0.5,2524,0,0,0,2527,,,,
semeval,152,0.0,0.0,0.0,0.0,0.0,0.0,0.0,0.0,0.0,0.0,0.0,0.0,0.0,0.0,0.0,0.5,2524,0,0,0,2527,,,,
semeval,153,0.0,0.0,0.0,0.0,0.0,0.0,0.0,0.0,0.0,0.0,0.0,0.0,0.0,0.0,0.0,0.5,2525,0,0,0,2527,,,,
semeval,154,0.0,0.0,0.0,0.0,0.0,0.0,0.0,0.0,0.0,0.0,0.0,0.0,0.0,0.0,0.0,0.5,2525,0,0,0,2527,,,,
semeval,155,0.0,0.0,0.0,0.0,0.0,0.0,0.0,0.0,0.0,0.0,0.0,0.0,0.0,0.0,0.0,0.5,2524,0,0,0,2527,,,,
semeval,156,0.0,0.0,0.0,0.0,0.0,0.0,0.0,0.0,0.0,0.0,0.0,0.0,0.0,0.0,0.0,0.5,2525,0,0,0,2527,,,,
semeval,157,0.0,0.0,0.0,0.0,0.0,0.0,0.0,0.0,0.0,0.0,0.0,0.0,0.0,0.0,0.0,0.5,2525,0,0,0,2527,,,,
semeval,158,0.0,0.0,0.0,0.0,0.0,0.0,0.0,0.0,0.0,0.0,0.0,0.0,0.0,0.0,0.0,0.5,2522,0,0,0,2527,,,,
semeval,159,0.0,0.0,0.0,0.0,0.0,0.0,0.0,0.0,0.0,0.0,0.0,0.0,0.0,0.0,0.0,0.5,2525,0,0,0,2527,,,,
semeval,160,0.0,0.0,0.0,0.0,0.0,0.0,0.0,0.0,0.0,0.0,0.0,0.0,0.0,0.0,0.0,0.5,2524,0,0,0,2527,,,,
semeval,161,0.0,0.0,0.0,0.0,0.0,0.0,0.0,0.0,0.0,0.0,0.0,0.0,0.0,0.0,0.0,0.5,2524,0,0,0,2527,,,,
semeval,162,0.0,0.0,0.0,0.0,0.0,0.0,0.0,0.0,0.0,0.0,0.0,0.0,0.0,0.0,0.0,0.5,2525,0,0,0,2527,,,,
semeval,163,0.0,0.0,0.0,0.0,0.0,0.0,0.0,0.0,0.0,0.0,0.0,0.0,0.0,0.0,0.0,0.5,2525,0,0,0,2527,,,,
chemprot,0,0.02009331259720062,0.5356037151702786,0.0,0.0,0.0,0.5356037151702786,1.0,0.6975806451612903,0.06695046439628483,0.125,0.08719758064516128,0.286871339704205,0.5356037151702786,0.37362678517926695,0.8992042440318302,0.0,15752,0,323,323,16075,,,,
chemprot,1,0.002923794712286159,0.5106382978723404,0.0,0.0,0.0,0.5106382978723404,1.0,0.676056338028169,0.0729483282674772,0.14285714285714285,0.096579476861167,0.2607514712539611,0.5106382978723404,0.3452202577165118,0.5,0.0,16028,0,47,47,16075,,,,
chemprot,2,0.03135303265940902,0.20634920634920634,0.0,0.0,0.0,0.20634920634920634,1.0,0.34210526315789475,0.025793650793650792,0.125,0.04276315789473684,0.04257999496094734,0.20634920634920634,0.07059314954051797,0.9331352154531947,0.0,15571,0,504,504,16075,,,,
chemprot,3,0.10289269051321928,0.5834340991535671,0.5834340991535671,1.0,0.7369224894998091,0.0,0.0,0.0,0.05834340991535671,0.1,0.07369224894998092,0.34039534805513444,0.5834340991535671,0.42994570880732513,0.8238765320018157,1.0,14421,1654,0,1654,16075,,,,
chemprot,4,0.026998444790046656,0.5161290322580645,0.5161290322580645,1.0,0.6808510638297872,0.0,0.0,0.0,0.05734767025089606,0.1111111111111111,0.07565011820330969,0.26638917793964617,0.5161290322580645,0.3514070006863418,0.7495559502664298,1.0,15641,434,0,434,16075,,,,
chemprot,5,0.04640746500777605,0.7064343163538874,0.7064343163538874,1.0,0.8279654359780048,0.0,0.0,0.0,0.07064343163538875,0.1,0.08279654359780048,0.49904944332238427,0.7064343163538874,0.5849031967297701,0.6595059076262084,1.0,15329,746,0,746,16075,,,,
chemprot,6,0.0,0.0,0.0,0.0,0.0,0.0,0.0,0.0,0.0,0.0,0.0,0.0,0.0,0.0,0.6755892928485817,0.5,14202,0,0,0,16075,,,,
chemprot,7,0.0,0.0,0.0,0.0,0.0,0.0,0.0,0.0,0.0,0.0,0.0,0.0,0.0,0.0,0.7233748271092669,0.5,14475,0,0,0,16075,,,,
chemprot,8,0.0,0.0,0.0,0.0,0.0,0.0,0.0,0.0,0.0,0.0,0.0,0.0,0.0,0.0,0.7459154929577465,0.5,13622,0,0,0,16075,,,,
chemprot,9,0.0,0.0,0.0,0.0,0.0,0.0,0.0,0.0,0.0,0.0,0.0,0.0,0.0,0.0,0.6885775862068966,0.5,15464,0,0,0,16075,,,,
chemprot,10,0.0,0.0,0.0,0.0,0.0,0.0,0.0,0.0,0.0,0.0,0.0,0.0,0.0,0.0,0.6463414634146342,0.5,15946,0,0,0,16075,,,,
chemprot,11,0.0,0.0,0.0,0.0,0.0,0.0,0.0,0.0,0.0,0.0,0.0,0.0,0.0,0.0,0.6448979591836734,0.5,15744,0,0,0,16075,,,,
chemprot,12,0.0,0.0,0.0,0.0,0.0,0.0,0.0,0.0,0.0,0.0,0.0,0.0,0.0,0.0,0.7182435964453737,0.5,14822,0,0,0,16075,,,,
chemprot,13,0.0,0.0,0.0,0.0,0.0,0.0,0.0,0.0,0.0,0.0,0.0,0.0,0.0,0.0,0.8530079455164585,0.5,10812,0,0,0,16075,,,,
chemprot,14,0.0,0.0,0.0,0.0,0.0,0.0,0.0,0.0,0.0,0.0,0.0,0.0,0.0,0.0,0.7382785164450665,0.5,15221,0,0,0,16075,,,,
chemprot,15,0.0,0.0,0.0,0.0,0.0,0.0,0.0,0.0,0.0,0.0,0.0,0.0,0.0,0.0,1.0,0.5,15275,0,0,0,16075,,,,
chemprot,16,0.0,0.0,0.0,0.0,0.0,0.0,0.0,0.0,0.0,0.0,0.0,0.0,0.0,0.0,1.0,0.5,14786,0,0,0,16075,,,,
chemprot,17,0.0,0.0,0.0,0.0,0.0,0.0,0.0,0.0,0.0,0.0,0.0,0.0,0.0,0.0,0.9694323144104804,0.5,15720,0,0,0,16075,,,,
chemprot,18,0.0,0.0,0.0,0.0,0.0,0.0,0.0,0.0,0.0,0.0,0.0,0.0,0.0,0.0,0.8771929824561403,0.5,16004,0,0,0,16075,,,,
chemprot,19,0.0,0.0,0.0,0.0,0.0,0.0,0.0,0.0,0.0,0.0,0.0,0.0,0.0,0.0,1.0,0.5,16033,0,0,0,16075,,,,
chemprot,20,0.0,0.0,0.0,0.0,0.0,0.0,0.0,0.0,0.0,0.0,0.0,0.0,0.0,0.0,0.8158567774936062,0.5,15705,0,0,0,16075,,,,
chemprot,21,0.0,0.0,0.0,0.0,0.0,0.0,0.0,0.0,0.0,0.0,0.0,0.0,0.0,0.0,0.8946107784431138,0.5,15340,0,0,0,16075,,,,
chemprot,22,0.0,0.0,0.0,0.0,0.0,0.0,0.0,0.0,0.0,0.0,0.0,0.0,0.0,0.0,0.6756756756756757,0.5,15719,0,0,0,16075,,,,
chemprot,23,0.0,0.0,0.0,0.0,0.0,0.0,0.0,0.0,0.0,0.0,0.0,0.0,0.0,0.0,0.9318820224719101,0.5,15122,0,0,0,16075,,,,
chemprot,24,0.0,0.0,0.0,0.0,0.0,0.0,0.0,0.0,0.0,0.0,0.0,0.0,0.0,0.0,0.8134920634920635,0.5,15861,0,0,0,16075,,,,
chemprot,25,0.0,0.0,0.0,0.0,0.0,0.0,0.0,0.0,0.0,0.0,0.0,0.0,0.0,0.0,1.0,0.5,14482,0,0,0,16075,,,,
